orif_util,tha_util,inmb
0.2,0.2,35275302.68600106
0.2175,0.2,29129469.77193161
0.23500000000000001,0.2,22983636.85786212
0.2525,0.2,16837803.94379264
0.27,0.2,10691971.029723208
0.2875,0.2,4546138.115653751
0.305,0.2,-1599694.7984156813
0.3225,0.2,-7745527.712485205
0.33999999999999997,0.2,-13891360.626554638
0.3575,0.2,-20037193.54062407
0.375,0.2,-26183026.45469355
0.39249999999999996,0.2,-32328859.368763007
0.41,0.2,-38474692.282832436
0.4275,0.2,-44620525.19690192
0.44499999999999995,0.2,-50766358.11097133
0.46249999999999997,0.2,-56912191.02504085
0.48,0.2,-63058023.93911034
0.4975,0.2,-69203856.85317977
0.5149999999999999,0.2,-75349689.76724927
0.5325,0.2,-81495522.6813187
0.55,0.2,-87641355.59538813
0.5674999999999999,0.2,-93787188.50945759
0.585,0.2,-99933021.42352706
0.6025,0.2,-106078854.33759664
0.6199999999999999,0.2,-112224687.25166602
0.6375,0.2,-118370520.16573554
0.655,0.2,-124516353.07980499
0.6725,0.2,-130662185.99387446
0.69,0.2,-136808018.90794384
0.7075,0.2,-142953851.82201332
0.7249999999999999,0.2,-149099684.73608276
0.7424999999999999,0.2,-155245517.65015224
0.76,0.2,-161391350.56422162
0.7774999999999999,0.2,-167537183.47829115
0.7949999999999999,0.2,-173683016.39236054
0.8125,0.2,-179828849.30643007
0.8299999999999998,0.2,-185974682.22049958
0.8474999999999999,0.2,-192120515.13456896
0.865,0.2,-198266348.0486384
0.8824999999999998,0.2,-204412180.9627078
0.9,0.2,-210558013.87677735
0.2,0.2175,41023061.96974418
0.2175,0.2175,34877229.05567473
0.23500000000000001,0.2175,28731396.14160525
0.2525,0.2175,22585563.227535762
0.27,0.2175,16439730.313466314
0.2875,0.2175,10293897.399396881
0.305,0.2175,4148064.485327403
0.3225,0.2175,-1997768.4287420753
0.33999999999999997,0.2175,-8143601.34281151
0.3575,0.2175,-14289434.256880987
0.375,0.2175,-20435267.170950443
0.39249999999999996,0.2175,-26581100.0850199
0.41,0.2175,-32726932.999089353
0.4275,0.2175,-38872765.91315881
0.44499999999999995,0.2175,-45018598.82722824
0.46249999999999997,0.2175,-51164431.741297744
0.48,0.2175,-57310264.65536718
0.4975,0.2175,-63456097.569436684
0.5149999999999999,0.2175,-69601930.48350608
0.5325,0.2175,-75747763.39757562
0.55,0.2175,-81893596.31164518
0.5674999999999999,0.2175,-88039429.2257145
0.585,0.2175,-94185262.13978402
0.6025,0.2175,-100331095.05385347
0.6199999999999999,0.2175,-106476927.96792294
0.6375,0.2175,-112622760.88199237
0.655,0.2175,-118768593.7960619
0.6725,0.2175,-124914426.71013129
0.69,0.2175,-131060259.62420076
0.7075,0.2175,-137206092.5382702
0.7249999999999999,0.2175,-143351925.45233968
0.7424999999999999,0.2175,-149497758.366409
0.76,0.2175,-155643591.2804787
0.7774999999999999,0.2175,-161789424.1945481
0.7949999999999999,0.2175,-167935257.10861748
0.8125,0.2175,-174081090.022687
0.8299999999999998,0.2175,-180226922.9367564
0.8474999999999999,0.2175,-186372755.8508258
0.865,0.2175,-192518588.76489526
0.8824999999999998,0.2175,-198664421.67896476
0.9,0.2175,-204810254.5930343
0.2,0.23500000000000001,46770821.25348733
0.2175,0.23500000000000001,40624988.33941786
0.23500000000000001,0.23500000000000001,34479155.42534838
0.2525,0.23500000000000001,28333322.511278946
0.27,0.23500000000000001,22187489.597209446
0.2875,0.23500000000000001,16041656.683140012
0.305,0.23500000000000001,9895823.769070534
0.3225,0.23500000000000001,3749990.8550011236
0.33999999999999997,0.23500000000000001,-2395842.0590683557
0.3575,0.23500000000000001,-8541674.973137833
0.375,0.23500000000000001,-14687507.887207292
0.39249999999999996,0.23500000000000001,-20833340.801276747
0.41,0.23500000000000001,-26979173.715346247
0.4275,0.23500000000000001,-33125006.629415683
0.44499999999999995,0.23500000000000001,-39270839.54348511
0.46249999999999997,0.23500000000000001,-45416672.45755459
0.48,0.23500000000000001,-51562505.371624045
0.4975,0.23500000000000001,-57708338.285693556
0.5149999999999999,0.23500000000000001,-63854171.199762955
0.5325,0.23500000000000001,-70000004.11383241
0.55,0.23500000000000001,-76145837.02790189
0.5674999999999999,0.23500000000000001,-82291669.94197135
0.585,0.23500000000000001,-88437502.85604084
0.6025,0.23500000000000001,-94583335.77011035
0.6199999999999999,0.23500000000000001,-100729168.68417974
0.6375,0.23500000000000001,-106875001.59824932
0.655,0.23500000000000001,-113020834.5123187
0.6725,0.23500000000000001,-119166667.42638813
0.69,0.23500000000000001,-125312500.34045756
0.7075,0.23500000000000001,-131458333.25452703
0.7249999999999999,0.23500000000000001,-137604166.16859657
0.7424999999999999,0.23500000000000001,-143749999.082666
0.76,0.23500000000000001,-149895831.9967355
0.7774999999999999,0.23500000000000001,-156041664.91080487
0.7949999999999999,0.23500000000000001,-162187497.82487434
0.8125,0.23500000000000001,-168333330.73894387
0.8299999999999998,0.23500000000000001,-174479163.6530132
0.8474999999999999,0.23500000000000001,-180624996.56708273
0.865,0.23500000000000001,-186770829.48115227
0.8824999999999998,0.23500000000000001,-192916662.3952216
0.9,0.23500000000000001,-199062495.3092911
0.2,0.2525,52518580.53723049
0.2175,0.2525,46372747.62316105
0.23500000000000001,0.2525,40226914.70909157
0.2525,0.2525,34081081.79502208
0.27,0.2525,27935248.88095264
0.2875,0.2525,21789415.96688314
0.305,0.2525,15643583.052813731
0.3225,0.2525,9497750.138744254
0.33999999999999997,0.2525,3351917.2246748433
0.3575,0.2525,-2793915.689394705
0.375,0.2525,-8939748.603464138
0.39249999999999996,0.2525,-15085581.517533526
0.41,0.2525,-21231414.431603007
0.4275,0.2525,-27377247.34567248
0.44499999999999995,0.2525,-33523080.259741962
0.46249999999999997,0.2525,-39668913.17381144
0.48,0.2525,-45814746.087880895
0.4975,0.2525,-51960579.00195033
0.5149999999999999,0.2525,-58106411.91601981
0.5325,0.2525,-64252244.830089316
0.55,0.2525,-70398077.74415879
0.5674999999999999,0.2525,-76543910.65822813
0.585,0.2525,-82689743.57229769
0.6025,0.2525,-88835576.48636714
0.6199999999999999,0.2525,-94981409.40043652
0.6375,0.2525,-101127242.31450604
0.655,0.2525,-107273075.22857557
0.6725,0.2525,-113418908.142645
0.69,0.2525,-119564741.05671439
0.7075,0.2525,-125710573.97078392
0.7249999999999999,0.2525,-131856406.8848533
0.7424999999999999,0.2525,-138002239.79892278
0.76,0.2525,-144148072.71299222
0.7774999999999999,0.2525,-150293905.62706164
0.7949999999999999,0.2525,-156439738.54113132
0.8125,0.2525,-162585571.45520064
0.8299999999999998,0.2525,-168731404.36927003
0.8474999999999999,0.2525,-174877237.2833395
0.865,0.2525,-181023070.19740903
0.8824999999999998,0.2525,-187168903.1114784
0.9,0.2525,-193314736.025548
0.2,0.27,58266339.820973635
0.2175,0.27,52120506.906904176
0.23500000000000001,0.27,45974673.99283471
0.2525,0.27,39828841.07876524
0.27,0.27,33683008.1646958
0.2875,0.27,27537175.250626385
0.305,0.27,21391342.336556908
0.3225,0.27,15245509.422487384
0.33999999999999997,0.27,9099676.508417951
0.3575,0.27,2953843.5943485163
0.375,0.27,-3191989.3197209835
0.39249999999999996,0.27,-9337822.233790439
0.41,0.27,-15483655.147859849
0.4275,0.27,-21629488.061929308
0.44499999999999995,0.27,-27775320.975998856
0.46249999999999997,0.27,-33921153.89006826
0.48,0.27,-40066986.80413777
0.4975,0.27,-46212819.71820722
0.5149999999999999,0.27,-52358652.6322767
0.5325,0.27,-58504485.54634611
0.55,0.27,-64650318.460415676
0.5674999999999999,0.27,-70796151.37448502
0.585,0.27,-76941984.28855455
0.6025,0.27,-83087817.20262407
0.6199999999999999,0.27,-89233650.1166934
0.6375,0.27,-95379483.0307629
0.655,0.27,-101525315.94483232
0.6725,0.27,-107671148.85890189
0.69,0.27,-113816981.77297138
0.7075,0.27,-119962814.68704072
0.7249999999999999,0.27,-126108647.60111019
0.7424999999999999,0.27,-132254480.51517966
0.76,0.27,-138400313.42924914
0.7774999999999999,0.27,-144546146.34331858
0.7949999999999999,0.27,-150691979.25738806
0.8125,0.27,-156837812.1714575
0.8299999999999998,0.27,-162983645.08552694
0.8474999999999999,0.27,-169129477.99959645
0.865,0.27,-175275310.9136658
0.8824999999999998,0.27,-181421143.82773536
0.9,0.27,-187566976.741805
0.2,0.2875,64014099.104716785
0.2175,0.2875,57868266.19064728
0.23500000000000001,0.2875,51722433.27657785
0.2525,0.2875,45576600.36250836
0.27,0.2875,39430767.44843888
0.2875,0.2875,33284934.53436945
0.305,0.2875,27139101.620299995
0.3225,0.2875,20993268.706230536
0.33999999999999997,0.2875,14847435.792161059
0.3575,0.2875,8701602.878091602
0.375,0.2875,2555769.9640221912
0.39249999999999996,0.2875,-3590062.9500473104
0.41,0.2875,-9735895.864116788
0.4275,0.2875,-15881728.778186243
0.44499999999999995,0.2875,-22027561.692255676
0.46249999999999997,0.2875,-28173394.60632518
0.48,0.2875,-34319227.520394586
0.4975,0.2875,-40465060.43446411
0.5149999999999999,0.2875,-46610893.34853355
0.5325,0.2875,-52756726.262603074
0.55,0.2875,-58902559.1766725
0.5674999999999999,0.2875,-65048392.09074193
0.585,0.2875,-71194225.00481138
0.6025,0.2875,-77340057.9188809
0.6199999999999999,0.2875,-83485890.83295028
0.6375,0.2875,-89631723.74701986
0.655,0.2875,-95777556.66108929
0.6725,0.2875,-101923389.57515863
0.69,0.2875,-108069222.48922825
0.7075,0.2875,-114215055.4032975
0.7249999999999999,0.2875,-120360888.31736715
0.7424999999999999,0.2875,-126506721.23143655
0.76,0.2875,-132652554.14550605
0.7774999999999999,0.2875,-138798387.05957535
0.7949999999999999,0.2875,-144944219.97364485
0.8125,0.2875,-151090052.88771436
0.8299999999999998,0.2875,-157235885.8017839
0.8474999999999999,0.2875,-163381718.71585342
0.865,0.2875,-169527551.62992284
0.8824999999999998,0.2875,-175673384.54399213
0.9,0.2875,-181819217.45806172
0.2,0.305,69761858.38845995
0.2175,0.305,63616025.47439047
0.23500000000000001,0.305,57470192.560321
0.2525,0.305,51324359.64625157
0.27,0.305,45178526.7321821
0.2875,0.305,39032693.81811264
0.305,0.305,32886860.904043168
0.3225,0.305,26741027.989973687
0.33999999999999997,0.305,20595195.075904302
0.3575,0.305,14449362.1618348
0.375,0.305,8303529.247765345
0.39249999999999996,0.305,2157696.333695866
0.41,0.305,-3988136.580373591
0.4275,0.305,-10133969.494443
0.44499999999999995,0.305,-16279802.40851248
0.46249999999999997,0.305,-22425635.322582006
0.48,0.305,-28571468.236651435
0.4975,0.305,-34717301.15072094
0.5149999999999999,0.305,-40863134.06479032
0.5325,0.305,-47008966.978859805
0.55,0.305,-53154799.89292931
0.5674999999999999,0.305,-59300632.8069987
0.585,0.305,-65446465.72106822
0.6025,0.305,-71592298.63513765
0.6199999999999999,0.305,-77738131.54920708
0.6375,0.305,-83883964.46327661
0.655,0.305,-90029797.37734604
0.6725,0.305,-96175630.29141547
0.69,0.305,-102321463.20548496
0.7075,0.305,-108467296.11955447
0.7249999999999999,0.305,-114613129.03362386
0.7424999999999999,0.305,-120758961.9476933
0.76,0.305,-126904794.86176273
0.7774999999999999,0.305,-133050627.7758322
0.7949999999999999,0.305,-139196460.68990168
0.8125,0.305,-145342293.60397127
0.8299999999999998,0.305,-151488126.5180406
0.8474999999999999,0.305,-157633959.43211013
0.865,0.305,-163779792.34617952
0.8824999999999998,0.305,-169925625.26024908
0.9,0.305,-176071458.17431855
0.2,0.3225,75509617.67220308
0.2175,0.3225,69363784.75813362
0.23500000000000001,0.3225,63217951.8440641
0.2525,0.3225,57072118.92999466
0.27,0.3225,50926286.01592521
0.2875,0.3225,44780453.10185578
0.305,0.3225,38634620.187786326
0.3225,0.3225,32488787.27371682
0.33999999999999997,0.3225,26342954.35964734
0.3575,0.3225,20197121.445577886
0.375,0.3225,14051288.531508407
0.39249999999999996,0.3225,7905455.617438973
0.41,0.3225,1759622.7033695392
0.4275,0.3225,-4386210.210699916
0.44499999999999995,0.3225,-10532043.124769393
0.46249999999999997,0.3225,-16677876.038838852
0.48,0.3225,-22823708.952908374
0.4975,0.3225,-28969541.866977833
0.5149999999999999,0.3225,-35115374.78104724
0.5325,0.3225,-41261207.695116766
0.55,0.3225,-47407040.60918625
0.5674999999999999,0.3225,-53552873.52325559
0.585,0.3225,-59698706.437325105
0.6025,0.3225,-65844539.35139459
0.6199999999999999,0.3225,-71990372.26546402
0.6375,0.3225,-78136205.1795335
0.655,0.3225,-84282038.09360299
0.6725,0.3225,-90427871.00767241
0.69,0.3225,-96573703.92174193
0.7075,0.3225,-102719536.83581138
0.7249999999999999,0.3225,-108865369.74988072
0.7424999999999999,0.3225,-115011202.66395015
0.76,0.3225,-121157035.57801971
0.7774999999999999,0.3225,-127302868.49208915
0.7949999999999999,0.3225,-133448701.40615869
0.8125,0.3225,-139594534.32022816
0.8299999999999998,0.3225,-145740367.23429748
0.8474999999999999,0.3225,-151886200.14836702
0.865,0.3225,-158032033.06243655
0.8824999999999998,0.3225,-164177865.97650596
0.9,0.3225,-170323698.8905755
0.2,0.33999999999999997,81257376.95594622
0.2175,0.33999999999999997,75111544.04187673
0.23500000000000001,0.33999999999999997,68965711.12780727
0.2525,0.33999999999999997,62819878.21373781
0.27,0.33999999999999997,56674045.29966834
0.2875,0.33999999999999997,50528212.385598905
0.305,0.33999999999999997,44382379.471529454
0.3225,0.33999999999999997,38236546.55745995
0.33999999999999997,0.33999999999999997,32090713.643390518
0.3575,0.33999999999999997,25944880.72932104
0.375,0.33999999999999997,19799047.815251604
0.39249999999999996,0.33999999999999997,13653214.901182149
0.41,0.33999999999999997,7507381.9871126935
0.4275,0.33999999999999997,1361549.0730431695
0.44499999999999995,0.33999999999999997,-4784283.841026265
0.46249999999999997,0.33999999999999997,-10930116.755095698
0.48,0.33999999999999997,-17075949.669165175
0.4975,0.33999999999999997,-23221782.583234675
0.5149999999999999,0.33999999999999997,-29367615.497304067
0.5325,0.33999999999999997,-35513448.41137356
0.55,0.33999999999999997,-41659281.32544309
0.5674999999999999,0.33999999999999997,-47805114.239512436
0.585,0.33999999999999997,-53950947.153581865
0.6025,0.33999999999999997,-60096780.067651525
0.6199999999999999,0.33999999999999997,-66242612.981720865
0.6375,0.33999999999999997,-72388445.8957904
0.655,0.33999999999999997,-78534278.80985992
0.6725,0.33999999999999997,-84680111.72392921
0.69,0.33999999999999997,-90825944.63799879
0.7075,0.33999999999999997,-96971777.55206808
0.7249999999999999,0.33999999999999997,-103117610.4661376
0.7424999999999999,0.33999999999999997,-109263443.38020712
0.76,0.33999999999999997,-115409276.29427652
0.7774999999999999,0.33999999999999997,-121555109.2083459
0.7949999999999999,0.33999999999999997,-127700942.1224154
0.8125,0.33999999999999997,-133846775.03648496
0.8299999999999998,0.33999999999999997,-139992607.95055428
0.8474999999999999,0.33999999999999997,-146138440.8646239
0.865,0.33999999999999997,-152284273.77869344
0.8824999999999998,0.33999999999999997,-158430106.69276264
0.9,0.33999999999999997,-164575939.60683236
0.2,0.3575,87005136.23968942
0.2175,0.3575,80859303.32561995
0.23500000000000001,0.3575,74713470.41155048
0.2525,0.3575,68567637.497481
0.27,0.3575,62421804.58341154
0.2875,0.3575,56275971.66934215
0.305,0.3575,50130138.755272694
0.3225,0.3575,43984305.84120317
0.33999999999999997,0.3575,37838472.92713372
0.3575,0.3575,31692640.013064258
0.375,0.3575,25546807.098994803
0.39249999999999996,0.3575,19400974.184925348
0.41,0.3575,13255141.270855892
0.4275,0.3575,7109308.35678639
0.44499999999999995,0.3575,963475.4427169338
0.46249999999999997,0.3575,-5182357.471352521
0.48,0.3575,-11328190.385421954
0.4975,0.3575,-17474023.29949141
0.5149999999999999,0.3575,-23619856.21356091
0.5325,0.3575,-29765689.127630346
0.55,0.3575,-35911522.04169983
0.5674999999999999,0.3575,-42057354.95576921
0.585,0.3575,-48203187.86983874
0.6025,0.3575,-54349020.78390821
0.6199999999999999,0.3575,-60494853.69797765
0.6375,0.3575,-66640686.61204712
0.655,0.3575,-72786519.52611661
0.6725,0.3575,-78932352.440186
0.69,0.3575,-85078185.35425556
0.7075,0.3575,-91224018.26832505
0.7249999999999999,0.3575,-97369851.18239439
0.7424999999999999,0.3575,-103515684.09646386
0.76,0.3575,-109661517.01053335
0.7774999999999999,0.3575,-115807349.92460278
0.7949999999999999,0.3575,-121953182.83867231
0.8125,0.3575,-128099015.75274181
0.8299999999999998,0.3575,-134244848.6668111
0.8474999999999999,0.3575,-140390681.5808807
0.865,0.3575,-146536514.4949501
0.8824999999999998,0.3575,-152682347.40901956
0.9,0.3575,-158828180.3230891
0.2,0.375,92752895.52343258
0.2175,0.375,86607062.60936311
0.23500000000000001,0.375,80461229.69529365
0.2525,0.375,74315396.7812242
0.27,0.375,68169563.86715476
0.2875,0.375,62023730.9530853
0.305,0.375,55877898.03901582
0.3225,0.375,49732065.12494637
0.33999999999999997,0.375,43586232.21087689
0.3575,0.375,37440399.29680744
0.375,0.375,31294566.382737957
0.39249999999999996,0.375,25148733.468668476
0.41,0.375,19002900.554599047
0.4275,0.375,12857067.640529566
0.44499999999999995,0.375,6711234.72646011
0.46249999999999997,0.375,565401.8123906311
0.48,0.375,-5580431.101678826
0.4975,0.375,-11726264.015748281
0.5149999999999999,0.375,-17872096.929817736
0.5325,0.375,-24017929.843887217
0.55,0.375,-30163762.757956646
0.5674999999999999,0.375,-36309595.67202608
0.585,0.375,-42455428.58609561
0.6025,0.375,-48601261.50016513
0.6199999999999999,0.375,-54747094.41423443
0.6375,0.375,-60892927.32830404
0.655,0.375,-67038760.24237342
0.6725,0.375,-73184593.15644287
0.69,0.375,-79330426.0705123
0.7075,0.375,-85476258.98458186
0.7249999999999999,0.375,-91622091.89865126
0.7424999999999999,0.375,-97767924.81272073
0.76,0.375,-103913757.72679025
0.7774999999999999,0.375,-110059590.64085974
0.7949999999999999,0.375,-116205423.55492917
0.8125,0.375,-122351256.46899864
0.8299999999999998,0.375,-128497089.383068
0.8474999999999999,0.375,-134642922.29713756
0.865,0.375,-140788755.21120703
0.8824999999999998,0.375,-146934588.1252764
0.9,0.375,-153080421.03934595
0.2,0.39249999999999996,98500654.80717574
0.2175,0.39249999999999996,92354821.89310624
0.23500000000000001,0.39249999999999996,86208988.9790368
0.2525,0.39249999999999996,80063156.0649673
0.27,0.39249999999999996,73917323.15089789
0.2875,0.39249999999999996,67771490.23682843
0.305,0.39249999999999996,61625657.322758935
0.3225,0.39249999999999996,55479824.40868948
0.33999999999999997,0.39249999999999996,49333991.49462002
0.3575,0.39249999999999996,43188158.58055052
0.375,0.39249999999999996,37042325.66648104
0.39249999999999996,0.39249999999999996,30896492.752411675
0.41,0.39249999999999996,24750659.838342153
0.4275,0.39249999999999996,18604826.92427272
0.44499999999999995,0.39249999999999996,12458994.010203263
0.46249999999999997,0.39249999999999996,6313161.096133807
0.48,0.39249999999999996,167328.1820643507
0.4975,0.39249999999999996,-5978504.732005127
0.5149999999999999,0.39249999999999996,-12124337.646074492
0.5325,0.39249999999999996,-18270170.560144063
0.55,0.39249999999999996,-24416003.474213563
0.5674999999999999,0.39249999999999996,-30561836.388282903
0.585,0.39249999999999996,-36707669.30235247
0.6025,0.39249999999999996,-42853502.216422
0.6199999999999999,0.39249999999999996,-48999335.13049134
0.6375,0.39249999999999996,-55145168.044560775
0.655,0.39249999999999996,-61291000.95863034
0.6725,0.39249999999999996,-67436833.8726997
0.69,0.39249999999999996,-73582666.78676912
0.7075,0.39249999999999996,-79728499.70083869
0.7249999999999999,0.39249999999999996,-85874332.61490808
0.7424999999999999,0.39249999999999996,-92020165.52897769
0.76,0.39249999999999996,-98165998.44304712
0.7774999999999999,0.39249999999999996,-104311831.35711652
0.7949999999999999,0.39249999999999996,-110457664.271186
0.8125,0.39249999999999996,-116603497.1852556
0.8299999999999998,0.39249999999999996,-122749330.09932494
0.8474999999999999,0.39249999999999996,-128895163.01339439
0.865,0.39249999999999996,-135040995.92746386
0.8824999999999998,0.39249999999999996,-141186828.84153312
0.9,0.39249999999999996,-147332661.75560272
0.2,0.41,104248414.09091884
0.2175,0.41,98102581.17684937
0.23500000000000001,0.41,91956748.26277988
0.2525,0.41,85810915.34871048
0.27,0.41,79665082.43464097
0.2875,0.41,73519249.52057153
0.305,0.41,67373416.60650206
0.3225,0.41,61227583.692432605
0.33999999999999997,0.41,55081750.77836313
0.3575,0.41,48935917.86429367
0.375,0.41,42790084.95022422
0.39249999999999996,0.41,36644252.03615481
0.41,0.41,30498419.122085307
0.4275,0.41,24352586.208015803
0.44499999999999995,0.41,18206753.293946393
0.46249999999999997,0.41,12060920.379876915
0.48,0.41,5915087.465807414
0.4975,0.41,-230745.4482620433
0.5149999999999999,0.41,-6376578.362331476
0.5325,0.41,-12522411.276400931
0.55,0.41,-18668244.190470386
0.5674999999999999,0.41,-24814077.10453982
0.585,0.41,-30959910.018609345
0.6025,0.41,-37105742.93267887
0.6199999999999999,0.41,-43251575.846748255
0.6375,0.41,-49397408.76081765
0.655,0.41,-55543241.67488712
0.6725,0.41,-61689074.588956654
0.69,0.41,-67834907.50302608
0.7075,0.41,-73980740.4170956
0.7249999999999999,0.41,-80126573.33116494
0.7424999999999999,0.41,-86272406.24523443
0.76,0.41,-92418239.159304
0.7774999999999999,0.41,-98564072.07337333
0.7949999999999999,0.41,-104709904.98744282
0.8125,0.41,-110855737.90151243
0.8299999999999998,0.41,-117001570.81558163
0.8474999999999999,0.41,-123147403.72965124
0.865,0.41,-129293236.64372078
0.8824999999999998,0.41,-135439069.55779007
0.9,0.41,-141584902.4718596
0.2,0.4275,109996173.37466194
0.2175,0.4275,103850340.46059246
0.23500000000000001,0.4275,97704507.54652299
0.2525,0.4275,91558674.63245355
0.27,0.4275,85412841.71838409
0.2875,0.4275,79267008.80431463
0.305,0.4275,73121175.89024517
0.3225,0.4275,66975342.976175696
0.33999999999999997,0.4275,60829510.062106214
0.3575,0.4275,54683677.14803671
0.375,0.4275,48537844.23396728
0.39249999999999996,0.4275,42392011.31989782
0.41,0.4275,36246178.40582842
0.4275,0.4275,30100345.491758958
0.44499999999999995,0.4275,23954512.577689454
0.46249999999999997,0.4275,17808679.663619954
0.48,0.4275,11662846.749550544
0.4975,0.4275,5517013.835481042
0.5149999999999999,0.4275,-628819.0785884373
0.5325,0.4275,-6774651.992657848
0.55,0.4275,-12920484.90672737
0.5674999999999999,0.4275,-19066317.820796713
0.585,0.4275,-25212150.734866194
0.6025,0.4275,-31357983.64893567
0.6199999999999999,0.4275,-37503816.563005105
0.6375,0.4275,-43649649.47707463
0.655,0.4275,-49795482.391144104
0.6725,0.4275,-55941315.305213675
0.69,0.4275,-62087148.219283015
0.7075,0.4275,-68232981.13335255
0.7249999999999999,0.4275,-74378814.04742189
0.7424999999999999,0.4275,-80524646.96149132
0.76,0.4275,-86670479.87556084
0.7774999999999999,0.4275,-92816312.78963028
0.7949999999999999,0.4275,-98962145.70369971
0.8125,0.4275,-105107978.61776923
0.8299999999999998,0.4275,-111253811.53183854
0.8474999999999999,0.4275,-117399644.44590814
0.865,0.4275,-123545477.35997763
0.8824999999999998,0.4275,-129691310.27404705
0.9,0.4275,-135837143.18811664
0.2,0.44499999999999995,115743932.65840515
0.2175,0.44499999999999995,109598099.74433567
0.23500000000000001,0.44499999999999995,103452266.83026624
0.2525,0.44499999999999995,97306433.91619681
0.27,0.44499999999999995,91160601.0021273
0.2875,0.44499999999999995,85014768.08805783
0.305,0.44499999999999995,78868935.17398837
0.3225,0.44499999999999995,72723102.25991887
0.33999999999999997,0.44499999999999995,66577269.345849454
0.3575,0.44499999999999995,60431436.43177998
0.375,0.44499999999999995,54285603.51771052
0.39249999999999996,0.44499999999999995,48139770.603641115
0.41,0.44499999999999995,41993937.68957157
0.4275,0.44499999999999995,35848104.77550211
0.44499999999999995,0.44499999999999995,29702271.861432698
0.46249999999999997,0.44499999999999995,23556438.947363198
0.48,0.44499999999999995,17410606.033293787
0.4975,0.44499999999999995,11264773.119224355
0.5149999999999999,0.44499999999999995,5118940.205154875
0.5325,0.44499999999999995,-1026892.7089145798
0.55,0.44499999999999995,-7172725.622984059
0.5674999999999999,0.44499999999999995,-13318558.537053537
0.585,0.44499999999999995,-19464391.45112297
0.6025,0.44499999999999995,-25610224.36519254
0.6199999999999999,0.44499999999999995,-31756057.27926188
0.6375,0.44499999999999995,-37901890.19333136
0.655,0.44499999999999995,-44047723.10740089
0.6725,0.44499999999999995,-50193556.021470316
0.69,0.44499999999999995,-56339388.9355398
0.7075,0.44499999999999995,-62485221.849609315
0.7249999999999999,0.44499999999999995,-68631054.76367876
0.7424999999999999,0.44499999999999995,-74776887.67774819
0.76,0.44499999999999995,-80922720.59181766
0.7774999999999999,0.44499999999999995,-87068553.5058871
0.7949999999999999,0.44499999999999995,-93214386.41995654
0.8125,0.44499999999999995,-99360219.33402596
0.8299999999999998,0.44499999999999995,-105506052.24809544
0.8474999999999999,0.44499999999999995,-111651885.16216488
0.865,0.44499999999999995,-117797718.0762344
0.8824999999999998,0.44499999999999995,-123943550.99030378
0.9,0.44499999999999995,-130089383.90437332
0.2,0.46249999999999997,121491691.9421483
0.2175,0.46249999999999997,115345859.02807882
0.23500000000000001,0.46249999999999997,109200026.11400935
0.2525,0.46249999999999997,103054193.19993989
0.27,0.46249999999999997,96908360.28587043
0.2875,0.46249999999999997,90762527.37180097
0.305,0.46249999999999997,84616694.4577315
0.3225,0.46249999999999997,78470861.543662
0.33999999999999997,0.46249999999999997,72325028.62959254
0.3575,0.46249999999999997,66179195.71552309
0.375,0.46249999999999997,60033362.80145365
0.39249999999999996,0.46249999999999997,53887529.8873842
0.41,0.46249999999999997,47741696.97331474
0.4275,0.46249999999999997,41595864.05924524
0.44499999999999995,0.46249999999999997,35450031.14517581
0.46249999999999997,0.46249999999999997,29304198.231106352
0.48,0.46249999999999997,23158365.317036897
0.4975,0.46249999999999997,17012532.40296735
0.5149999999999999,0.46249999999999997,10866699.488897983
0.5325,0.46249999999999997,4720866.574828505
0.55,0.46249999999999997,-1424966.3392409738
0.5674999999999999,0.46249999999999997,-7570799.253310315
0.585,0.46249999999999997,-13716632.167379841
0.6025,0.46249999999999997,-19862465.081449363
0.6199999999999999,0.46249999999999997,-26008297.995518796
0.6375,0.46249999999999997,-32154130.909588233
0.655,0.46249999999999997,-38299963.8236578
0.6725,0.46249999999999997,-44445796.73772723
0.69,0.46249999999999997,-50591629.65179658
0.7075,0.46249999999999997,-56737462.56586619
0.7249999999999999,0.46249999999999997,-62883295.47993557
0.7424999999999999,0.46249999999999997,-69029128.39400502
0.76,0.46249999999999997,-75174961.30807449
0.7774999999999999,0.46249999999999997,-81320794.22214396
0.7949999999999999,0.46249999999999997,-87466627.13621336
0.8125,0.46249999999999997,-93612460.05028297
0.8299999999999998,0.46249999999999997,-99758292.96435231
0.8474999999999999,0.46249999999999997,-105904125.8784218
0.865,0.46249999999999997,-112049958.79249127
0.8824999999999998,0.46249999999999997,-118195791.70656079
0.9,0.46249999999999997,-124341624.62063023
0.2,0.48,127239451.22589146
0.2175,0.48,121093618.31182198
0.23500000000000001,0.48,114947785.3977525
0.2525,0.48,108801952.48368305
0.27,0.48,102656119.56961356
0.2875,0.48,96510286.65554415
0.305,0.48,90364453.74147463
0.3225,0.48,84218620.82740517
0.33999999999999997,0.48,78072787.91333571
0.3575,0.48,71926954.99926628
0.375,0.48,65781122.08519681
0.39249999999999996,0.48,59635289.171127394
0.41,0.48,53489456.2570579
0.4275,0.48,47343623.34298846
0.44499999999999995,0.48,41197790.42891896
0.46249999999999997,0.48,35051957.514849454
0.48,0.48,28906124.60078007
0.4975,0.48,22760291.68671057
0.5149999999999999,0.48,16614458.772641113
0.5325,0.48,10468625.858571658
0.55,0.48,4322792.944502156
0.5674999999999999,0.48,-1823039.9695672318
0.585,0.48,-7968872.883636665
0.6025,0.48,-14114705.79770619
0.6199999999999999,0.48,-20260538.711775668
0.6375,0.48,-26406371.625845104
0.655,0.48,-32552204.539914623
0.6725,0.48,-38698037.45398406
0.69,0.48,-44843870.36805349
0.7075,0.48,-50989703.28212297
0.7249999999999999,0.48,-57135536.19619244
0.7424999999999999,0.48,-63281369.1102618
0.76,0.48,-69427202.02433132
0.7774999999999999,0.48,-75573034.93840083
0.7949999999999999,0.48,-81718867.85247023
0.8125,0.48,-87864700.76653975
0.8299999999999998,0.48,-94010533.68060914
0.8474999999999999,0.48,-100156366.59467857
0.865,0.48,-106302199.50874814
0.8824999999999998,0.48,-112448032.42281753
0.9,0.48,-118593865.33688705
0.2,0.4975,132987210.50963466
0.2175,0.4975,126841377.59556517
0.23500000000000001,0.4975,120695544.6814957
0.2525,0.4975,114549711.76742627
0.27,0.4975,108403878.85335676
0.2875,0.4975,102258045.9392873
0.305,0.4975,96112213.02521788
0.3225,0.4975,89966380.1111484
0.33999999999999997,0.4975,83820547.19707894
0.3575,0.4975,77674714.28300944
0.375,0.4975,71528881.36894
0.39249999999999996,0.4975,65383048.45487053
0.41,0.4975,59237215.54080109
0.4275,0.4975,53091382.626731634
0.44499999999999995,0.4975,46945549.712662205
0.46249999999999997,0.4975,40799716.798592746
0.48,0.4975,34653883.8845232
0.4975,0.4975,28508050.970453814
0.5149999999999999,0.4975,22362218.056384355
0.5325,0.4975,16216385.14231488
0.55,0.4975,10070552.228245355
0.5674999999999999,0.4975,3924719.3141759206
0.585,0.4975,-2221113.5998934656
0.6025,0.4975,-8366946.513963036
0.6199999999999999,0.4975,-14512779.428032424
0.6375,0.4975,-20658612.342101946
0.655,0.4975,-26804445.256171383
0.6725,0.4975,-32950278.170240857
0.69,0.4975,-39096111.08431025
0.7075,0.4975,-45241943.99837982
0.7249999999999999,0.4975,-51387776.9124492
0.7424999999999999,0.4975,-57533609.826518685
0.76,0.4975,-63679442.7405882
0.7774999999999999,0.4975,-69825275.6546576
0.7949999999999999,0.4975,-75971108.56872699
0.8125,0.4975,-82116941.4827966
0.8299999999999998,0.4975,-88262774.39686593
0.8474999999999999,0.4975,-94408607.31093551
0.865,0.4975,-100554440.2250049
0.8824999999999998,0.4975,-106700273.13907441
0.9,0.4975,-112846106.05314381
0.2,0.5149999999999999,138734969.7933777
0.2175,0.5149999999999999,132589136.87930821
0.23500000000000001,0.5149999999999999,126443303.96523872
0.2525,0.5149999999999999,120297471.0511693
0.27,0.5149999999999999,114151638.1370998
0.2875,0.5149999999999999,108005805.22303037
0.305,0.5149999999999999,101859972.30896096
0.3225,0.5149999999999999,95714139.39489144
0.33999999999999997,0.5149999999999999,89568306.48082198
0.3575,0.5149999999999999,83422473.56675252
0.375,0.5149999999999999,77276640.65268308
0.39249999999999996,0.5149999999999999,71130807.73861367
0.41,0.5149999999999999,64984974.82454413
0.4275,0.5149999999999999,58839141.91047467
0.44499999999999995,0.5149999999999999,52693308.996405244
0.46249999999999997,0.5149999999999999,46547476.08233572
0.48,0.5149999999999999,40401643.16826627
0.4975,0.5149999999999999,34255810.25419683
0.5149999999999999,0.5149999999999999,28109977.34012742
0.5325,0.5149999999999999,21964144.42605792
0.55,0.5149999999999999,15818311.511988416
0.5674999999999999,0.5149999999999999,9672478.597919075
0.585,0.5149999999999999,3526645.683849551
0.6025,0.5149999999999999,-2619187.2302199285
0.6199999999999999,0.5149999999999999,-8765020.144289408
0.6375,0.5149999999999999,-14910853.05835884
0.655,0.5149999999999999,-21056685.972428363
0.6725,0.5149999999999999,-27202518.886497885
0.69,0.5149999999999999,-33348351.800567277
0.7075,0.5149999999999999,-39494184.71463666
0.7249999999999999,0.5149999999999999,-45640017.62870614
0.7424999999999999,0.5149999999999999,-51785850.54277558
0.76,0.5149999999999999,-57931683.45684506
0.7774999999999999,0.5149999999999999,-64077516.37091449
0.7949999999999999,0.5149999999999999,-70223349.28498396
0.8125,0.5149999999999999,-76369182.1990535
0.8299999999999998,0.5149999999999999,-82515015.11312293
0.8474999999999999,0.5149999999999999,-88660848.0271924
0.865,0.5149999999999999,-94806680.94126193
0.8824999999999998,0.5149999999999999,-100952513.85533127
0.9,0.5149999999999999,-107098346.76940079
0.2,0.5325,144482729.07712087
0.2175,0.5325,138336896.1630514
0.23500000000000001,0.5325,132191063.24898191
0.2525,0.5325,126045230.33491245
0.27,0.5325,119899397.420843
0.2875,0.5325,113753564.50677355
0.305,0.5325,107607731.59270404
0.3225,0.5325,101461898.67863457
0.33999999999999997,0.5325,95316065.76456511
0.3575,0.5325,89170232.85049565
0.375,0.5325,83024399.93642618
0.39249999999999996,0.5325,76878567.02235676
0.41,0.5325,70732734.10828733
0.4275,0.5325,64586901.19421785
0.44499999999999995,0.5325,58441068.28014842
0.46249999999999997,0.5325,52295235.36607892
0.48,0.5325,46149402.45200946
0.4975,0.5325,40003569.537939936
0.5149999999999999,0.5325,33857736.62387051
0.5325,0.5325,27711903.709801093
0.55,0.5325,21566070.795731567
0.5674999999999999,0.5325,15420237.881662091
0.585,0.5325,9274404.967592657
0.6025,0.5325,3128572.053523179
0.6199999999999999,0.5325,-3017260.860546209
0.6375,0.5325,-9163093.77461578
0.655,0.5325,-15308926.688685212
0.6725,0.5325,-21454759.60275469
0.69,0.5325,-27600592.516824126
0.7075,0.5325,-33746425.43089351
0.7249999999999999,0.5325,-39892258.34496295
0.7424999999999999,0.5325,-46038091.259032466
0.76,0.5325,-52183924.17310186
0.7774999999999999,0.5325,-58329757.087171465
0.7949999999999999,0.5325,-64475590.001240864
0.8125,0.5325,-70621422.91531034
0.8299999999999998,0.5325,-76767255.82937972
0.8474999999999999,0.5325,-82913088.7434492
0.865,0.5325,-89058921.65751864
0.8824999999999998,0.5325,-95204754.57158816
0.9,0.5325,-101350587.48565754
0.2,0.55,150230488.360864
0.2175,0.55,144084655.44679457
0.23500000000000001,0.55,137938822.5327251
0.2525,0.55,131792989.61865564
0.27,0.55,125647156.70458615
0.2875,0.55,119501323.79051675
0.305,0.55,113355490.87644726
0.3225,0.55,107209657.96237779
0.33999999999999997,0.55,101063825.04830833
0.3575,0.55,94917992.13423887
0.375,0.55,88772159.22016943
0.39249999999999996,0.55,82626326.30609998
0.41,0.55,76480493.3920305
0.4275,0.55,70334660.47796096
0.44499999999999995,0.55,64188827.5638916
0.46249999999999997,0.55,58042994.649822116
0.48,0.55,51897161.735752635
0.4975,0.55,45751328.82168323
0.5149999999999999,0.55,39605495.90761375
0.5325,0.55,33459662.99354427
0.55,0.55,27313830.079474814
0.5674999999999999,0.55,21167997.165405378
0.585,0.55,15022164.25133581
0.6025,0.55,8876331.337266378
0.6199999999999999,0.55,2730498.423196899
0.6375,0.55,-3415334.4908724893
0.655,0.55,-9561167.404941969
0.6725,0.55,-15707000.319011401
0.69,0.55,-21852833.23308088
0.7075,0.55,-27998666.147150315
0.7249999999999999,0.55,-34144499.06121979
0.7424999999999999,0.55,-40290331.975289226
0.76,0.55,-46436164.88935884
0.7774999999999999,0.55,-52581997.80342818
0.7949999999999999,0.55,-58727830.71749766
0.8125,0.55,-64873663.631567046
0.8299999999999998,0.55,-71019496.54563652
0.8474999999999999,0.55,-77165329.45970596
0.865,0.55,-83311162.37377548
0.8824999999999998,0.55,-89456995.287845
0.9,0.55,-95602828.20191449
0.2,0.5674999999999999,155978247.6446071
0.2175,0.5674999999999999,149832414.73053768
0.23500000000000001,0.5674999999999999,143686581.81646818
0.2525,0.5674999999999999,137540748.9023987
0.27,0.5674999999999999,131394915.98832926
0.2875,0.5674999999999999,125249083.07425983
0.305,0.5674999999999999,119103250.16019033
0.3225,0.5674999999999999,112957417.24612086
0.33999999999999997,0.5674999999999999,106811584.33205149
0.3575,0.5674999999999999,100665751.41798198
0.375,0.5674999999999999,94519918.50391251
0.39249999999999996,0.5674999999999999,88374085.58984306
0.41,0.5674999999999999,82228252.67577359
0.4275,0.5674999999999999,76082419.76170412
0.44499999999999995,0.5674999999999999,69936586.84763467
0.46249999999999997,0.5674999999999999,63790753.9335652
0.48,0.5674999999999999,57644921.019495726
0.4975,0.5674999999999999,51499088.10542629
0.5149999999999999,0.5674999999999999,45353255.19135685
0.5325,0.5674999999999999,39207422.277287334
0.55,0.5674999999999999,33061589.363217875
0.5674999999999999,0.5674999999999999,26915756.449148394
0.585,0.5674999999999999,20769923.53507892
0.6025,0.5674999999999999,14624090.621009484
0.6199999999999999,0.5674999999999999,8478257.706940006
0.6375,0.5674999999999999,2332424.792870527
0.655,0.5674999999999999,-3813408.121198859
0.6725,0.5674999999999999,-9959241.03526834
0.69,0.5674999999999999,-16105073.949337773
0.7075,0.5674999999999999,-22250906.8634073
0.7249999999999999,0.5674999999999999,-28396739.777476683
0.7424999999999999,0.5674999999999999,-34542572.691546164
0.76,0.5674999999999999,-40688405.60561564
0.7774999999999999,0.5674999999999999,-46834238.519685075
0.7949999999999999,0.5674999999999999,-52980071.433754556
0.8125,0.5674999999999999,-59125904.34782408
0.8299999999999998,0.5674999999999999,-65271737.26189333
0.8474999999999999,0.5674999999999999,-71417570.1759629
0.865,0.5674999999999999,-77563403.09003232
0.8824999999999998,0.5674999999999999,-83709236.00410186
0.9,0.5674999999999999,-89855068.91817129
0.2,0.585,161726006.92835033
0.2175,0.585,155580174.0142809
0.23500000000000001,0.585,149434341.10021138
0.2525,0.585,143288508.18614194
0.27,0.585,137142675.27207246
0.2875,0.585,130996842.358003
0.305,0.585,124851009.44393353
0.3225,0.585,118705176.52986409
0.33999999999999997,0.585,112559343.61579461
0.3575,0.585,106413510.70172518
0.375,0.585,100267677.78765574
0.39249999999999996,0.585,94121844.87358625
0.41,0.585,87976011.9595168
0.4275,0.585,81830179.04544735
0.44499999999999995,0.585,75684346.13137788
0.46249999999999997,0.585,69538513.21730843
0.48,0.585,63392680.303238966
0.4975,0.585,57246847.38916951
0.5149999999999999,0.585,51101014.47510001
0.5325,0.585,44955181.5610306
0.55,0.585,38809348.64696108
0.5674999999999999,0.585,32663515.732891597
0.585,0.585,26517682.818822116
0.6025,0.585,20371849.90475273
0.6199999999999999,0.585,14226016.990683341
0.6375,0.585,8080184.076613772
0.655,0.585,1934351.1625442468
0.6725,0.585,-4211481.751525139
0.69,0.585,-10357314.665594708
0.7075,0.585,-16503147.579664096
0.7249999999999999,0.585,-22648980.493733436
0.7424999999999999,0.585,-28794813.40780305
0.76,0.585,-34940646.32187244
0.7774999999999999,0.585,-41086479.23594197
0.7949999999999999,0.585,-47232312.15001154
0.8125,0.585,-53378145.064080924
0.8299999999999998,0.585,-59523977.97815026
0.8474999999999999,0.585,-65669810.8922196
0.865,0.585,-71815643.80628918
0.8824999999999998,0.585,-77961476.7203587
0.9,0.585,-84107309.63442817
0.2,0.6025,167473766.21209356
0.2175,0.6025,161327933.2980241
0.23500000000000001,0.6025,155182100.38395467
0.2525,0.6025,149036267.46988514
0.27,0.6025,142890434.55581573
0.2875,0.6025,136744601.64174628
0.305,0.6025,130598768.72767676
0.3225,0.6025,124452935.81360729
0.33999999999999997,0.6025,118307102.89953788
0.3575,0.6025,112161269.98546836
0.375,0.6025,106015437.07139897
0.39249999999999996,0.6025,99869604.15732951
0.41,0.6025,93723771.24326001
0.4275,0.6025,87577938.32919058
0.44499999999999995,0.6025,81432105.41512117
0.46249999999999997,0.6025,75286272.50105162
0.48,0.6025,69140439.58698222
0.4975,0.6025,62994606.67291269
0.5149999999999999,0.6025,56848773.75884327
0.5325,0.6025,50702940.844773844
0.55,0.6025,44557107.93070432
0.5674999999999999,0.6025,38411275.01663488
0.585,0.6025,32265442.102565408
0.6025,0.6025,26119609.18849588
0.6199999999999999,0.6025,19973776.27442654
0.6375,0.6025,13827943.36035697
0.655,0.6025,7682110.446287537
0.6725,0.6025,1536277.5322181042
0.69,0.6025,-4609555.381851286
0.7075,0.6025,-10755388.295920718
0.7249999999999999,0.6025,-16901221.20999024
0.7424999999999999,0.6025,-23047054.124059856
0.76,0.6025,-29192887.03812924
0.7774999999999999,0.6025,-35338719.95219868
0.7949999999999999,0.6025,-41484552.86626806
0.8125,0.6025,-47630385.78033768
0.8299999999999998,0.6025,-53776218.69440702
0.8474999999999999,0.6025,-59922051.608476594
0.865,0.6025,-66067884.52254602
0.8824999999999998,0.6025,-72213717.43661541
0.9,0.6025,-78359550.35068494
0.2,0.6199999999999999,173221525.49583656
0.2175,0.6199999999999999,167075692.58176708
0.23500000000000001,0.6199999999999999,160929859.66769764
0.2525,0.6199999999999999,154784026.7536282
0.27,0.6199999999999999,148638193.8395587
0.2875,0.6199999999999999,142492360.9254893
0.305,0.6199999999999999,136346528.0114198
0.3225,0.6199999999999999,130200695.09735036
0.33999999999999997,0.6199999999999999,124054862.18328086
0.3575,0.6199999999999999,117909029.26921146
0.375,0.6199999999999999,111763196.35514197
0.39249999999999996,0.6199999999999999,105617363.44107251
0.41,0.6199999999999999,99471530.52700302
0.4275,0.6199999999999999,93325697.6129335
0.44499999999999995,0.6199999999999999,87179864.69886409
0.46249999999999997,0.6199999999999999,81034031.78479466
0.48,0.6199999999999999,74888198.87072515
0.4975,0.6199999999999999,68742365.95665571
0.5149999999999999,0.6199999999999999,62596533.04258629
0.5325,0.6199999999999999,56450700.12851679
0.55,0.6199999999999999,50304867.21444729
0.5674999999999999,0.6199999999999999,44159034.300377905
0.585,0.6199999999999999,38013201.38630837
0.6025,0.6199999999999999,31867368.4722389
0.6199999999999999,0.6199999999999999,25721535.55816951
0.6375,0.6199999999999999,19575702.644100077
0.655,0.6199999999999999,13429869.7300306
0.6725,0.6199999999999999,7284036.815961075
0.69,0.6199999999999999,1138203.9018915966
0.7075,0.6199999999999999,-5007629.012177791
0.7249999999999999,0.6199999999999999,-11153461.926247269
0.7424999999999999,0.6199999999999999,-17299294.840316657
0.76,0.6199999999999999,-23445127.754386134
0.7774999999999999,0.6199999999999999,-29590960.66845557
0.7949999999999999,0.6199999999999999,-35736793.582525045
0.8125,0.6199999999999999,-41882626.496594526
0.8299999999999998,0.6199999999999999,-48028459.41066401
0.8474999999999999,0.6199999999999999,-54174292.32473339
0.865,0.6199999999999999,-60320125.238802925
0.8824999999999998,0.6199999999999999,-66465958.152872354
0.9,0.6199999999999999,-72611791.06694192
0.2,0.6375,178969284.77957967
0.2175,0.6375,172823451.86551023
0.23500000000000001,0.6375,166677618.95144075
0.2525,0.6375,160531786.03737125
0.27,0.6375,154385953.1233018
0.2875,0.6375,148240120.2092324
0.305,0.6375,142094287.29516286
0.3225,0.6375,135948454.38109344
0.33999999999999997,0.6375,129802621.46702398
0.3575,0.6375,123656788.55295451
0.375,0.6375,117510955.63888507
0.39249999999999996,0.6375,111365122.72481556
0.41,0.6375,105219289.81074616
0.4275,0.6375,99073456.89667672
0.44499999999999995,0.6375,92927623.9826072
0.46249999999999997,0.6375,86781791.06853782
0.48,0.6375,80635958.15446828
0.4975,0.6375,74490125.2403988
0.5149999999999999,0.6375,68344292.32632941
0.5325,0.6375,62198459.41225992
0.55,0.6375,56052626.498190396
0.5674999999999999,0.6375,49906793.58412097
0.585,0.6375,43760960.670051575
0.6025,0.6375,37615127.75598201
0.6199999999999999,0.6375,31469294.841912664
0.6375,0.6375,25323461.927843094
0.655,0.6375,19177629.013773616
0.6725,0.6375,13031796.099704182
0.69,0.6375,6885963.185634795
0.7075,0.6375,740130.2715651803
0.7249999999999999,0.6375,-5405702.64250407
0.7424999999999999,0.6375,-11551535.556573596
0.76,0.6375,-17697368.47064321
0.7774999999999999,0.6375,-23843201.384712555
0.7949999999999999,0.6375,-29989034.29878194
0.8125,0.6375,-36134867.21285142
0.8299999999999998,0.6375,-42280700.126920804
0.8474999999999999,0.6375,-48426533.040990375
0.865,0.6375,-54572365.95505977
0.8824999999999998,0.6375,-60718198.869129375
0.9,0.6375,-66864031.783198714
0.2,0.655,184717044.06332293
0.2175,0.655,178571211.14925352
0.23500000000000001,0.655,172425378.23518404
0.2525,0.655,166279545.32111454
0.27,0.655,160133712.40704513
0.2875,0.655,153987879.49297565
0.305,0.655,147842046.57890618
0.3225,0.655,141696213.6648367
0.33999999999999997,0.655,135550380.7507673
0.3575,0.655,129404547.83669783
0.375,0.655,123258714.92262836
0.39249999999999996,0.655,117112882.00855888
0.41,0.655,110967049.09448944
0.4275,0.655,104821216.18041992
0.44499999999999995,0.655,98675383.26635051
0.46249999999999997,0.655,92529550.35228103
0.48,0.655,86383717.4382116
0.4975,0.655,80237884.52414216
0.5149999999999999,0.655,74092051.61007269
0.5325,0.655,67946218.69600317
0.55,0.655,61800385.78193373
0.5674999999999999,0.655,55654552.86786425
0.585,0.655,49508719.95379478
0.6025,0.655,43362887.039725296
0.6199999999999999,0.655,37217054.12565595
0.6375,0.655,31071221.21158643
0.655,0.655,24925388.29751686
0.6725,0.655,18779555.383447565
0.69,0.655,12633722.469377993
0.7075,0.655,6487889.55530856
0.7249999999999999,0.655,342056.6412390359
0.7424999999999999,0.655,-5803776.2728303075
0.76,0.655,-11949609.186899923
0.7774999999999999,0.655,-18095442.100969262
0.7949999999999999,0.655,-24241275.0150387
0.8125,0.655,-30387107.929108217
0.8299999999999998,0.655,-36532940.84317761
0.8474999999999999,0.655,-42678773.75724709
0.865,0.655,-48824606.671316706
0.8824999999999998,0.655,-54970439.58538595
0.9,0.655,-61116272.49945553
0.2,0.6725,190464803.34706596
0.2175,0.6725,184318970.43299648
0.23500000000000001,0.6725,178173137.51892707
0.2525,0.6725,172027304.60485753
0.27,0.6725,165881471.6907881
0.2875,0.6725,159735638.77671865
0.305,0.6725,153589805.8626492
0.3225,0.6725,147443972.94857973
0.33999999999999997,0.6725,141298140.03451025
0.3575,0.6725,135152307.1204408
0.375,0.6725,129006474.2063714
0.39249999999999996,0.6725,122860641.29230194
0.41,0.6725,116714808.37823243
0.4275,0.6725,110568975.46416299
0.44499999999999995,0.6725,104423142.55009355
0.46249999999999997,0.6725,98277309.63602407
0.48,0.6725,92131476.72195452
0.4975,0.6725,85985643.8078851
0.5149999999999999,0.6725,79839810.89381564
0.5325,0.6725,73693977.97974613
0.55,0.6725,67548145.06567675
0.5674999999999999,0.6725,61402312.15160736
0.585,0.6725,55256479.237537794
0.6025,0.6725,49110646.32346827
0.6199999999999999,0.6725,42964813.40939893
0.6375,0.6725,36818980.49532945
0.655,0.6725,30673147.58125992
0.6725,0.6725,24527314.66719049
0.69,0.6725,18381481.753121056
0.7075,0.6725,12235648.839051532
0.7249999999999999,0.6725,6089815.924982235
0.7424999999999999,0.6725,-56016.989087427035
0.76,0.6725,-6201849.9031567685
0.7774999999999999,0.6725,-12347682.817226246
0.7949999999999999,0.6725,-18493515.731295727
0.8125,0.6725,-24639348.6453652
0.8299999999999998,0.6725,-30785181.559434637
0.8474999999999999,0.6725,-36931014.47350402
0.865,0.6725,-43076847.38757369
0.8824999999999998,0.6725,-49222680.30164294
0.9,0.6725,-55368513.21571246
0.2,0.69,196212562.63080925
0.2175,0.69,190066729.71673977
0.23500000000000001,0.69,183920896.8026703
0.2525,0.69,177775063.88860086
0.27,0.69,171629230.9745314
0.2875,0.69,165483398.060462
0.305,0.69,159337565.1463925
0.3225,0.69,153191732.23232302
0.33999999999999997,0.69,147045899.31825355
0.3575,0.69,140900066.40418407
0.375,0.69,134754233.49011466
0.39249999999999996,0.69,128608400.57604519
0.41,0.69,122462567.66197573
0.4275,0.69,116316734.74790622
0.44499999999999995,0.69,110170901.83383682
0.46249999999999997,0.69,104025068.91976729
0.48,0.69,97879236.0056979
0.4975,0.69,91733403.09162843
0.5149999999999999,0.69,85587570.17755894
0.5325,0.69,79441737.26348951
0.55,0.69,73295904.34941995
0.5674999999999999,0.69,67150071.4353506
0.585,0.69,61004238.52128108
0.6025,0.69,54858405.60721165
0.6199999999999999,0.69,48712572.69314221
0.6375,0.69,42566739.77907264
0.655,0.69,36420906.86500326
0.6725,0.69,30275073.950933732
0.69,0.69,24129241.036864255
0.7075,0.69,17983408.122794867
0.7249999999999999,0.69,11837575.208725479
0.7424999999999999,0.69,5691742.294655954
0.76,0.69,-454090.61941352487
0.7774999999999999,0.69,-6599923.533482913
0.7949999999999999,0.69,-12745756.447552435
0.8125,0.69,-18891589.36162196
0.8299999999999998,0.69,-25037422.275691256
0.8474999999999999,0.69,-31183255.189760827
0.865,0.69,-37329088.10383035
0.8824999999999998,0.69,-43474921.01789974
0.9,0.69,-49620753.93196926
0.2,0.7075,201960321.91455248
0.2175,0.7075,195814489.000483
0.23500000000000001,0.7075,189668656.0864136
0.2525,0.7075,183522823.17234412
0.27,0.7075,177376990.25827464
0.2875,0.7075,171231157.3442052
0.305,0.7075,165085324.4301357
0.3225,0.7075,158939491.51606625
0.33999999999999997,0.7075,152793658.60199684
0.3575,0.7075,146647825.68792734
0.375,0.7075,140501992.7738579
0.39249999999999996,0.7075,134356159.85978842
0.41,0.7075,128210326.945719
0.4275,0.7075,122064494.0316495
0.44499999999999995,0.7075,115918661.11758006
0.46249999999999997,0.7075,109772828.20351054
0.48,0.7075,103626995.28944111
0.4975,0.7075,97481162.37537166
0.5149999999999999,0.7075,91335329.46130222
0.5325,0.7075,85189496.54723276
0.55,0.7075,79043663.63316327
0.5674999999999999,0.7075,72897830.7190938
0.585,0.7075,66751997.80502437
0.6025,0.7075,60606164.890954845
0.6199999999999999,0.7075,54460331.976885416
0.6375,0.7075,48314499.062815845
0.655,0.7075,42168666.14874641
0.6725,0.7075,36022833.23467697
0.69,0.7075,29877000.320607632
0.7075,0.7075,23731167.40653811
0.7249999999999999,0.7075,17585334.492468677
0.7424999999999999,0.7075,11439501.578399243
0.76,0.7075,5293668.664329674
0.7774999999999999,0.7075,-852164.2497396674
0.7949999999999999,0.7075,-6997997.163809147
0.8125,0.7075,-13143830.077878762
0.8299999999999998,0.7075,-19289662.99194815
0.8474999999999999,0.7075,-25435495.906017676
0.865,0.7075,-31581328.820087016
0.8824999999999998,0.7075,-37727161.7341565
0.9,0.7075,-43872994.648225926
0.2,0.7249999999999999,207708081.1982954
0.2175,0.7249999999999999,201562248.28422594
0.23500000000000001,0.7249999999999999,195416415.37015647
0.2525,0.7249999999999999,189270582.45608705
0.27,0.7249999999999999,183124749.54201755
0.2875,0.7249999999999999,176978916.62794814
0.305,0.7249999999999999,170833083.71387863
0.3225,0.7249999999999999,164687250.7998092
0.33999999999999997,0.7249999999999999,158541417.8857397
0.3575,0.7249999999999999,152395584.97167027
0.375,0.7249999999999999,146249752.05760086
0.39249999999999996,0.7249999999999999,140103919.14353135
0.41,0.7249999999999999,133958086.22946188
0.4275,0.7249999999999999,127812253.31539246
0.44499999999999995,0.7249999999999999,121666420.40132299
0.46249999999999997,0.7249999999999999,115520587.4872535
0.48,0.7249999999999999,109374754.57318403
0.4975,0.7249999999999999,103228921.65911457
0.5149999999999999,0.7249999999999999,97083088.74504519
0.5325,0.7249999999999999,90937255.83097568
0.55,0.7249999999999999,84791422.91690607
0.5674999999999999,0.7249999999999999,78645590.00283676
0.585,0.7249999999999999,72499757.08876726
0.6025,0.7249999999999999,66353924.17469773
0.6199999999999999,0.7249999999999999,60208091.260628335
0.6375,0.7249999999999999,54062258.34655882
0.655,0.7249999999999999,47916425.43248929
0.6725,0.7249999999999999,41770592.518419996
0.69,0.7249999999999999,35624759.604350515
0.7075,0.7249999999999999,29478926.69028099
0.7249999999999999,0.7249999999999999,23333093.77621165
0.7424999999999999,0.7249999999999999,17187260.862142123
0.76,0.7249999999999999,11041427.94807269
0.7774999999999999,0.7249999999999999,4895595.0340031665
0.7949999999999999,0.7249999999999999,-1250237.8800662663
0.8125,0.7249999999999999,-7396070.794135701
0.8299999999999998,0.7249999999999999,-13541903.708205178
0.8474999999999999,0.7249999999999999,-19687736.62227452
0.865,0.7249999999999999,-25833569.536344044
0.8824999999999998,0.7249999999999999,-31979402.45041348
0.9,0.7249999999999999,-38125235.364483096
0.2,0.7424999999999999,213455840.48203862
0.2175,0.7424999999999999,207310007.56796914
0.23500000000000001,0.7424999999999999,201164174.65389967
0.2525,0.7424999999999999,195018341.7398302
0.27,0.7424999999999999,188872508.82576078
0.2875,0.7424999999999999,182726675.91169128
0.305,0.7424999999999999,176580842.99762177
0.3225,0.7424999999999999,170435010.0835524
0.33999999999999997,0.7424999999999999,164289177.1694829
0.3575,0.7424999999999999,158143344.25541344
0.375,0.7424999999999999,151997511.341344
0.39249999999999996,0.7424999999999999,145851678.42727453
0.41,0.7424999999999999,139705845.5132051
0.4275,0.7424999999999999,133560012.59913562
0.44499999999999995,0.7424999999999999,127414179.68506624
0.46249999999999997,0.7424999999999999,121268346.77099669
0.48,0.7424999999999999,115122513.85692723
0.4975,0.7424999999999999,108976680.94285777
0.5149999999999999,0.7424999999999999,102830848.0287883
0.5325,0.7424999999999999,96685015.11471888
0.55,0.7424999999999999,90539182.20064932
0.5674999999999999,0.7424999999999999,84393349.28657988
0.585,0.7424999999999999,78247516.37251045
0.6025,0.7424999999999999,72101683.45844087
0.6199999999999999,0.7424999999999999,65955850.54437163
0.6375,0.7424999999999999,59810017.6303021
0.655,0.7424999999999999,53664184.71623263
0.6725,0.7424999999999999,47518351.80216315
0.69,0.7424999999999999,41372518.888093665
0.7075,0.7424999999999999,35226685.974024236
0.7249999999999999,0.7424999999999999,29080853.059954755
0.7424999999999999,0.7424999999999999,22935020.14588523
0.76,0.7424999999999999,16789187.231815845
0.7774999999999999,0.7424999999999999,10643354.317746365
0.7949999999999999,0.7424999999999999,4497521.403676932
0.8125,0.7424999999999999,-1648311.510392638
0.8299999999999998,0.7424999999999999,-7794144.424461845
0.8474999999999999,0.7424999999999999,-13939977.338531457
0.865,0.7424999999999999,-20085810.252600845
0.8824999999999998,0.7424999999999999,-26231643.166670367
0.9,0.7424999999999999,-32377476.080739893
0.2,0.76,219203599.76578182
0.2175,0.76,213057766.85171235
0.23500000000000001,0.76,206911933.93764284
0.2525,0.76,200766101.02357346
0.27,0.76,194620268.10950395
0.2875,0.76,188474435.19543448
0.305,0.76,182328602.28136504
0.3225,0.76,176182769.36729562
0.33999999999999997,0.76,170036936.45322612
0.3575,0.76,163891103.53915665
0.375,0.76,157745270.62508714
0.39249999999999996,0.76,151599437.71101773
0.41,0.76,145453604.79694834
0.4275,0.76,139307771.88287878
0.44499999999999995,0.76,133161938.96880932
0.46249999999999997,0.76,127016106.05473995
0.48,0.76,120870273.14067045
0.4975,0.76,114724440.22660094
0.5149999999999999,0.76,108578607.31253152
0.5325,0.76,102432774.39846209
0.55,0.76,96286941.48439246
0.5674999999999999,0.76,90141108.57032308
0.585,0.76,83995275.6562536
0.6025,0.76,77849442.74218413
0.6199999999999999,0.76,71703609.82811469
0.6375,0.76,65557776.91404526
0.655,0.76,59411943.99997582
0.6725,0.76,53266111.0859063
0.69,0.76,47120278.17183687
0.7075,0.76,40974445.25776748
0.7249999999999999,0.76,34828612.343697995
0.7424999999999999,0.76,28682779.42962852
0.76,0.76,22536946.51555904
0.7774999999999999,0.76,16391113.60148961
0.7949999999999999,0.76,10245280.687420268
0.8125,0.76,4099447.7733506057
0.8299999999999998,0.76,-2046385.1407187358
0.8474999999999999,0.76,-8192218.054788351
0.865,0.76,-14338050.968857784
0.8824999999999998,0.76,-20483883.882927217
0.9,0.76,-26629716.796996653
0.2,0.7774999999999999,224951359.04952487
0.2175,0.7774999999999999,218805526.1354554
0.23500000000000001,0.7774999999999999,212659693.2213859
0.2525,0.7774999999999999,206513860.30731645
0.27,0.7774999999999999,200368027.39324698
0.2875,0.7774999999999999,194222194.47917756
0.305,0.7774999999999999,188076361.56510812
0.3225,0.7774999999999999,181930528.6510386
0.33999999999999997,0.7774999999999999,175784695.73696917
0.3575,0.7774999999999999,169638862.82289973
0.375,0.7774999999999999,163493029.90883029
0.39249999999999996,0.7774999999999999,157347196.9947608
0.41,0.7774999999999999,151201364.08069134
0.4275,0.7774999999999999,145055531.16662192
0.44499999999999995,0.7774999999999999,138909698.2525524
0.46249999999999997,0.7774999999999999,132763865.33848295
0.48,0.7774999999999999,126618032.42441353
0.4975,0.7774999999999999,120472199.51034397
0.5149999999999999,0.7774999999999999,114326366.59627455
0.5325,0.7774999999999999,108180533.68220505
0.55,0.7774999999999999,102034700.76813562
0.5674999999999999,0.7774999999999999,95888867.8540662
0.585,0.7774999999999999,89743034.9399967
0.6025,0.7774999999999999,83597202.02592723
0.6199999999999999,0.7774999999999999,77451369.1118578
0.6375,0.7774999999999999,71305536.19778833
0.655,0.7774999999999999,65159703.283718884
0.6725,0.7774999999999999,59013870.36964927
0.69,0.7774999999999999,52868037.455579974
0.7075,0.7774999999999999,46722204.54151049
0.7249999999999999,0.7774999999999999,40576371.62744106
0.7424999999999999,0.7774999999999999,34430538.71337154
0.76,0.7774999999999999,28284705.799302056
0.7774999999999999,0.7774999999999999,22138872.885232672
0.7949999999999999,0.7774999999999999,15993039.971163193
0.8125,0.7774999999999999,9847207.057093713
0.8299999999999998,0.7774999999999999,3701374.143024372
0.8474999999999999,0.7774999999999999,-2444458.7710451987
0.865,0.7774999999999999,-8590291.685114678
0.8824999999999998,0.7774999999999999,-14736124.5991842
0.9,0.7774999999999999,-20881957.51325368
0.2,0.7949999999999999,230699118.33326802
0.2175,0.7949999999999999,224553285.41919854
0.23500000000000001,0.7949999999999999,218407452.50512907
0.2525,0.7949999999999999,212261619.59105963
0.27,0.7949999999999999,206115786.67699018
0.2875,0.7949999999999999,199969953.76292074
0.305,0.7949999999999999,193824120.84885126
0.3225,0.7949999999999999,187678287.93478185
0.33999999999999997,0.7949999999999999,181532455.02071235
0.3575,0.7949999999999999,175386622.10664296
0.375,0.7949999999999999,169240789.19257343
0.39249999999999996,0.7949999999999999,163094956.27850395
0.41,0.7949999999999999,156949123.36443454
0.4275,0.7949999999999999,150803290.45036507
0.44499999999999995,0.7949999999999999,144657457.53629562
0.46249999999999997,0.7949999999999999,138511624.62222612
0.48,0.7949999999999999,132365791.70815662
0.4975,0.7949999999999999,126219958.79408719
0.5149999999999999,0.7949999999999999,120074125.88001771
0.5325,0.7949999999999999,113928292.9659483
0.55,0.7949999999999999,107782460.05187874
0.5674999999999999,0.7949999999999999,101636627.13780934
0.585,0.7949999999999999,95490794.2237399
0.6025,0.7949999999999999,89344961.30967039
0.6199999999999999,0.7949999999999999,83199128.39560103
0.6375,0.7949999999999999,77053295.48153152
0.655,0.7949999999999999,70907462.56746194
0.6725,0.7949999999999999,64761629.65339256
0.69,0.7949999999999999,58615796.73932308
0.7075,0.7949999999999999,52469963.825253695
0.7249999999999999,0.7949999999999999,46324130.91118417
0.7424999999999999,0.7949999999999999,40178297.99711473
0.76,0.7949999999999999,34032465.08304526
0.7774999999999999,0.7949999999999999,27886632.168975823
0.7949999999999999,0.7949999999999999,21740799.254906345
0.8125,0.7949999999999999,15594966.340836868
0.8299999999999998,0.7949999999999999,9449133.426767388
0.8474999999999999,0.7949999999999999,3303300.512697909
0.865,0.7949999999999999,-2842532.4013715237
0.8824999999999998,0.7949999999999999,-8988365.315440957
0.9,0.7949999999999999,-15134198.22951039
0.2,0.8125,236446877.61701122
0.2175,0.8125,230301044.70294175
0.23500000000000001,0.8125,224155211.78887227
0.2525,0.8125,218009378.87480283
0.27,0.8125,211863545.96073335
0.2875,0.8125,205717713.04666397
0.305,0.8125,199571880.13259444
0.3225,0.8125,193426047.21852496
0.33999999999999997,0.8125,187280214.30445564
0.3575,0.8125,181134381.39038613
0.375,0.8125,174988548.47631663
0.39249999999999996,0.8125,168842715.56224722
0.41,0.8125,162696882.6481777
0.4275,0.8125,156551049.73410818
0.44499999999999995,0.8125,150405216.82003877
0.46249999999999997,0.8125,144259383.90596938
0.48,0.8125,138113550.99189985
0.4975,0.8125,131967718.07783036
0.5149999999999999,0.8125,125821885.16376093
0.5325,0.8125,119676052.24969146
0.55,0.8125,113530219.33562201
0.5674999999999999,0.8125,107384386.42155254
0.585,0.8125,101238553.5074832
0.6025,0.8125,95092720.59341358
0.6199999999999999,0.8125,88946887.67934419
0.6375,0.8125,82801054.76527476
0.655,0.8125,76655221.8512052
0.6725,0.8125,70509388.93713576
0.69,0.8125,64363556.02306642
0.7075,0.8125,58217723.10899676
0.7249999999999999,0.8125,52071890.19492741
0.7424999999999999,0.8125,45926057.280857936
0.76,0.8125,39780224.36678851
0.7774999999999999,0.8125,33634391.45271893
0.7949999999999999,0.8125,27488558.538649634
0.8125,0.8125,21342725.62458002
0.8299999999999998,0.8125,15196892.710510677
0.8474999999999999,0.8125,9051059.7964412
0.865,0.8125,2905226.8823716287
0.8824999999999998,0.8125,-3240606.031697804
0.9,0.8125,-9386438.945767283
0.2,0.8299999999999998,242194636.90075433
0.2175,0.8299999999999998,236048803.9866849
0.23500000000000001,0.8299999999999998,229902971.07261539
0.2525,0.8299999999999998,223757138.15854594
0.27,0.8299999999999998,217611305.24447647
0.2875,0.8299999999999998,211465472.33040702
0.305,0.8299999999999998,205319639.4163376
0.3225,0.8299999999999998,199173806.50226814
0.33999999999999997,0.8299999999999998,193027973.5881987
0.3575,0.8299999999999998,186882140.6741292
0.375,0.8299999999999998,180736307.7600597
0.39249999999999996,0.8299999999999998,174590474.8459903
0.41,0.8299999999999998,168444641.93192086
0.4275,0.8299999999999998,162298809.01785132
0.44499999999999995,0.8299999999999998,156152976.10378185
0.46249999999999997,0.8299999999999998,150007143.18971238
0.48,0.8299999999999998,143861310.275643
0.4975,0.8299999999999998,137715477.3615735
0.5149999999999999,0.8299999999999998,131569644.44750401
0.5325,0.8299999999999998,125423811.5334346
0.55,0.8299999999999998,119277978.61936504
0.5674999999999999,0.8299999999999998,113132145.7052957
0.585,0.8299999999999998,106986312.79122621
0.6025,0.8299999999999998,100840479.87715669
0.6199999999999999,0.8299999999999998,94694646.96308726
0.6375,0.8299999999999998,88548814.04901782
0.655,0.8299999999999998,82402981.13494839
0.6725,0.8299999999999998,76257148.22087891
0.69,0.8299999999999998,70111315.30680943
0.7075,0.8299999999999998,63965482.39273995
0.7249999999999999,0.8299999999999998,57819649.47867057
0.7424999999999999,0.8299999999999998,51673816.564601086
0.76,0.8299999999999998,45527983.650531605
0.7774999999999999,0.8299999999999998,39382150.73646222
0.7949999999999999,0.8299999999999998,33236317.8223927
0.8125,0.8299999999999998,27090484.908323172
0.8299999999999998,0.8299999999999998,20944651.994253784
0.8474999999999999,0.8299999999999998,14798819.080184352
0.865,0.8299999999999998,8652986.166114781
0.8824999999999998,0.8299999999999998,2507153.252045259
0.9,0.8299999999999998,-3638679.662024129
0.2,0.8474999999999999,247942396.18449745
0.2175,0.8474999999999999,241796563.27042797
0.23500000000000001,0.8474999999999999,235650730.3563585
0.2525,0.8474999999999999,229504897.44228905
0.27,0.8474999999999999,223359064.52821958
0.2875,0.8474999999999999,217213231.6141502
0.305,0.8474999999999999,211067398.70008063
0.3225,0.8474999999999999,204921565.78601125
0.33999999999999997,0.8474999999999999,198775732.8719418
0.3575,0.8474999999999999,192629899.95787227
0.375,0.8474999999999999,186484067.04380277
0.39249999999999996,0.8474999999999999,180338234.12973335
0.41,0.8474999999999999,174192401.21566388
0.4275,0.8474999999999999,168046568.30159444
0.44499999999999995,0.8474999999999999,161900735.38752493
0.46249999999999997,0.8474999999999999,155754902.47345543
0.48,0.8474999999999999,149609069.55938604
0.4975,0.8474999999999999,143463236.64531657
0.5149999999999999,0.8474999999999999,137317403.73124707
0.5325,0.8474999999999999,131171570.81717762
0.55,0.8474999999999999,125025737.90310818
0.5674999999999999,0.8474999999999999,118879904.9890387
0.585,0.8474999999999999,112734072.07496928
0.6025,0.8474999999999999,106588239.1608998
0.6199999999999999,0.8474999999999999,100442406.24683036
0.6375,0.8474999999999999,94296573.33276084
0.655,0.8474999999999999,88150740.4186915
0.6725,0.8474999999999999,82004907.50462192
0.69,0.8474999999999999,75859074.59055245
0.7075,0.8474999999999999,69713241.676483
0.7249999999999999,0.8474999999999999,63567408.76241372
0.7424999999999999,0.8474999999999999,57421575.84834415
0.76,0.8474999999999999,51275742.93427463
0.7774999999999999,0.8474999999999999,45129910.02020528
0.7949999999999999,0.8474999999999999,38984077.106135756
0.8125,0.8474999999999999,32838244.192066234
0.8299999999999998,0.8474999999999999,26692411.27799689
0.8474999999999999,0.8474999999999999,20546578.363927413
0.865,0.8474999999999999,14400745.449857844
0.8824999999999998,0.8474999999999999,8254912.535788456
0.9,0.8474999999999999,2109079.6217188872
0.2,0.865,253690155.46824074
0.2175,0.865,247544322.55417126
0.23500000000000001,0.865,241398489.64010176
0.2525,0.865,235252656.72603235
0.27,0.865,229106823.81196287
0.2875,0.865,222960990.89789337
0.305,0.865,216815157.98382398
0.3225,0.865,210669325.06975448
0.33999999999999997,0.865,204523492.1556851
0.3575,0.865,198377659.24161553
0.375,0.865,192231826.32754612
0.39249999999999996,0.865,186085993.4134767
0.41,0.865,179940160.49940717
0.4275,0.865,173794327.5853377
0.44499999999999995,0.865,167648494.67126828
0.46249999999999997,0.865,161502661.7571988
0.48,0.865,155356828.84312934
0.4975,0.865,149210995.92905986
0.5149999999999999,0.865,143065163.01499045
0.5325,0.865,136919330.10092098
0.55,0.865,130773497.18685147
0.5674999999999999,0.865,124627664.27278204
0.585,0.865,118481831.35871257
0.6025,0.865,112335998.44464312
0.6199999999999999,0.865,106190165.5305736
0.6375,0.865,100044332.61650409
0.655,0.865,93898499.70243469
0.6725,0.865,87752666.78836526
0.69,0.865,81606833.87429588
0.7075,0.865,75461000.96022636
0.7249999999999999,0.865,69315168.04615697
0.7424999999999999,0.865,63169335.132087395
0.76,0.865,57023502.21801805
0.7774999999999999,0.865,50877669.30394843
0.7949999999999999,0.865,44731836.38987909
0.8125,0.865,38586003.475809574
0.8299999999999998,0.865,32440170.561740138
0.8474999999999999,0.865,26294337.64767061
0.865,0.865,20148504.73360118
0.8824999999999998,0.865,14002671.81953179
0.9,0.865,7856838.905462267
0.2,0.8824999999999998,259437914.75198385
0.2175,0.8824999999999998,253292081.83791432
0.23500000000000001,0.8824999999999998,247146248.92384487
0.2525,0.8824999999999998,241000416.00977546
0.27,0.8824999999999998,234854583.09570602
0.2875,0.8824999999999998,228708750.18163654
0.305,0.8824999999999998,222562917.26756707
0.3225,0.8824999999999998,216417084.35349756
0.33999999999999997,0.8824999999999998,210271251.4394281
0.3575,0.8824999999999998,204125418.52535868
0.375,0.8824999999999998,197979585.61128923
0.39249999999999996,0.8824999999999998,191833752.69721973
0.41,0.8824999999999998,185687919.7831503
0.4275,0.8824999999999998,179542086.8690808
0.44499999999999995,0.8824999999999998,173396253.9550113
0.46249999999999997,0.8824999999999998,167250421.04094192
0.48,0.8824999999999998,161104588.12687242
0.4975,0.8824999999999998,154958755.21280292
0.5149999999999999,0.8824999999999998,148812922.2987335
0.5325,0.8824999999999998,142667089.384664
0.55,0.8824999999999998,136521256.47059464
0.5674999999999999,0.8824999999999998,130375423.5565252
0.585,0.8824999999999998,124229590.64245571
0.6025,0.8824999999999998,118083757.72838615
0.6199999999999999,0.8824999999999998,111937924.81431672
0.6375,0.8824999999999998,105792091.90024728
0.655,0.8824999999999998,99646258.9861778
0.6725,0.8824999999999998,93500426.07210837
0.69,0.8824999999999998,87354593.15803894
0.7075,0.8824999999999998,81208760.24396941
0.7249999999999999,0.8824999999999998,75062927.32989998
0.7424999999999999,0.8824999999999998,68917094.41583046
0.76,0.8824999999999998,62771261.50176102
0.7774999999999999,0.8824999999999998,56625428.58769159
0.7949999999999999,0.8824999999999998,50479595.67362211
0.8125,0.8824999999999998,44333762.75955263
0.8299999999999998,0.8824999999999998,38187929.84548324
0.8474999999999999,0.8824999999999998,32042096.93141372
0.865,0.8824999999999998,25896264.017344244
0.8824999999999998,0.8824999999999998,19750431.103274807
0.9,0.8824999999999998,13604598.189205239
0.2,0.9,265185674.0357269
0.2175,0.9,259039841.12165746
0.23500000000000001,0.9,252894008.207588
0.2525,0.9,246748175.29351854
0.27,0.9,240602342.37944904
0.2875,0.9,234456509.4653796
0.305,0.9,228310676.55131015
0.3225,0.9,222164843.63724065
0.33999999999999997,0.9,216019010.72317117
0.3575,0.9,209873177.8091017
0.375,0.9,203727344.8950323
0.39249999999999996,0.9,197581511.9809628
0.41,0.9,191435679.06689337
0.4275,0.9,185289846.1528239
0.44499999999999995,0.9,179144013.23875445
0.46249999999999997,0.9,172998180.32468498
0.48,0.9,166852347.4106155
0.4975,0.9,160706514.4965461
0.5149999999999999,0.9,154560681.5824766
0.5325,0.9,148414848.66840717
0.55,0.9,142269015.75433755
0.5674999999999999,0.9,136123182.84026825
0.585,0.9,129977349.92619869
0.6025,0.9,123831517.01212922
0.6199999999999999,0.9,117685684.09805991
0.6375,0.9,111539851.18399034
0.655,0.9,105394018.26992096
0.6725,0.9,99248185.35585152
0.69,0.9,93102352.44178204
0.7075,0.9,86956519.52771257
0.7249999999999999,0.9,80810686.61364314
0.7424999999999999,0.9,74664853.69957365
0.76,0.9,68519020.78550418
0.7774999999999999,0.9,62373187.871434696
0.7949999999999999,0.9,56227354.957365215
0.8125,0.9,50081522.0432956
0.8299999999999998,0.9,43935689.12922626
0.8474999999999999,0.9,37789856.21515678
0.865,0.9,31644023.301087305
0.8824999999999998,0.9,25498190.387017913
0.9,0.9,19352357.47294839
