orif_cost,tha_cost,inmb
8000.0,8000.0,39769924.94233309
9300.0,8000.0,41069924.94233309
10600.0,8000.0,42369924.94233309
11900.0,8000.0,43669924.94233308
13200.0,8000.0,44969924.94233313
14500.0,8000.0,46269924.9423331
15800.0,8000.0,47569924.94233305
17100.0,8000.0,48869924.94233303
18400.0,8000.0,50169924.94233302
19700.0,8000.0,51469924.942333035
21000.0,8000.0,52769924.942333035
22300.0,8000.0,54069924.942333035
23600.0,8000.0,55369924.942333035
24900.0,8000.0,56669924.94233303
26200.0,8000.0,57969924.94233303
27500.0,8000.0,59269924.94233303
28800.0,8000.0,60569924.94233303
30100.0,8000.0,61869924.94233303
31400.0,8000.0,63169924.942333035
32700.0,8000.0,64469924.942333035
34000.0,8000.0,65769924.942333035
35300.0,8000.0,67069924.942333035
36600.0,8000.0,68369924.94233304
37900.0,8000.0,69669924.94233304
39200.0,8000.0,70969924.94233304
40500.0,8000.0,72269924.94233304
41800.0,8000.0,73569924.94233304
43100.0,8000.0,74869924.94233304
44400.0,8000.0,76169924.94233304
45700.0,8000.0,77469924.9423331
47000.0,8000.0,78769924.94233307
48300.0,8000.0,80069924.9423331
49600.0,8000.0,81369924.9423331
50900.0,8000.0,82669924.94233304
52200.0,8000.0,83969924.94233307
53500.0,8000.0,85269924.94233304
54800.0,8000.0,86569924.94233307
56100.0,8000.0,87869924.94233304
57400.0,8000.0,89169924.94233304
58700.0,8000.0,90469924.94233304
60000.0,8000.0,91769924.94233304
8000.0,9550.0,38219924.94233309
9300.0,9550.0,39519924.94233309
10600.0,9550.0,40819924.94233309
11900.0,9550.0,42119924.94233308
13200.0,9550.0,43419924.94233313
14500.0,9550.0,44719924.9423331
15800.0,9550.0,46019924.94233305
17100.0,9550.0,47319924.94233303
18400.0,9550.0,48619924.94233302
19700.0,9550.0,49919924.942333035
21000.0,9550.0,51219924.942333035
22300.0,9550.0,52519924.942333035
23600.0,9550.0,53819924.942333035
24900.0,9550.0,55119924.94233303
26200.0,9550.0,56419924.94233303
27500.0,9550.0,57719924.94233303
28800.0,9550.0,59019924.94233303
30100.0,9550.0,60319924.94233303
31400.0,9550.0,61619924.942333035
32700.0,9550.0,62919924.942333035
34000.0,9550.0,64219924.942333035
35300.0,9550.0,65519924.942333035
36600.0,9550.0,66819924.942333035
37900.0,9550.0,68119924.94233304
39200.0,9550.0,69419924.94233304
40500.0,9550.0,70719924.94233304
41800.0,9550.0,72019924.94233304
43100.0,9550.0,73319924.94233304
44400.0,9550.0,74619924.94233304
45700.0,9550.0,75919924.9423331
47000.0,9550.0,77219924.94233307
48300.0,9550.0,78519924.9423331
49600.0,9550.0,79819924.9423331
50900.0,9550.0,81119924.94233304
52200.0,9550.0,82419924.94233307
53500.0,9550.0,83719924.94233304
54800.0,9550.0,85019924.94233307
56100.0,9550.0,86319924.94233304
57400.0,9550.0,87619924.94233304
58700.0,9550.0,88919924.94233304
60000.0,9550.0,90219924.94233304
8000.0,11100.0,36669924.94233307
9300.0,11100.0,37969924.94233307
10600.0,11100.0,39269924.94233307
11900.0,11100.0,40569924.942333065
13200.0,11100.0,41869924.94233312
14500.0,11100.0,43169924.94233309
15800.0,11100.0,44469924.942333035
17100.0,11100.0,45769924.94233301
18400.0,11100.0,47069924.942333005
19700.0,11100.0,48369924.94233302
21000.0,11100.0,49669924.94233302
22300.0,11100.0,50969924.94233302
23600.0,11100.0,52269924.94233302
24900.0,11100.0,53569924.94233301
26200.0,11100.0,54869924.94233301
27500.0,11100.0,56169924.94233301
28800.0,11100.0,57469924.94233301
30100.0,11100.0,58769924.94233301
31400.0,11100.0,60069924.94233302
32700.0,11100.0,61369924.94233302
34000.0,11100.0,62669924.94233302
35300.0,11100.0,63969924.94233302
36600.0,11100.0,65269924.94233302
37900.0,11100.0,66569924.94233302
39200.0,11100.0,67869924.94233301
40500.0,11100.0,69169924.94233301
41800.0,11100.0,70469924.94233301
43100.0,11100.0,71769924.94233301
44400.0,11100.0,73069924.94233301
45700.0,11100.0,74369924.94233307
47000.0,11100.0,75669924.94233304
48300.0,11100.0,76969924.9423331
49600.0,11100.0,78269924.94233307
50900.0,11100.0,79569924.94233304
52200.0,11100.0,80869924.94233307
53500.0,11100.0,82169924.94233301
54800.0,11100.0,83469924.94233304
56100.0,11100.0,84769924.94233304
57400.0,11100.0,86069924.94233304
58700.0,11100.0,87369924.94233301
60000.0,11100.0,88669924.94233301
8000.0,12650.0,35119924.94233306
9300.0,12650.0,36419924.94233306
10600.0,12650.0,37719924.94233306
11900.0,12650.0,39019924.94233306
13200.0,12650.0,40319924.94233311
14500.0,12650.0,41619924.94233308
15800.0,12650.0,42919924.94233303
17100.0,12650.0,44219924.942333005
18400.0,12650.0,45519924.942333
19700.0,12650.0,46819924.94233301
21000.0,12650.0,48119924.94233301
22300.0,12650.0,49419924.94233301
23600.0,12650.0,50719924.94233301
24900.0,12650.0,52019924.942333005
26200.0,12650.0,53319924.942333005
27500.0,12650.0,54619924.942333005
28800.0,12650.0,55919924.942333005
30100.0,12650.0,57219924.942333005
31400.0,12650.0,58519924.94233301
32700.0,12650.0,59819924.94233301
34000.0,12650.0,61119924.94233301
35300.0,12650.0,62419924.94233301
36600.0,12650.0,63719924.94233301
37900.0,12650.0,65019924.94233301
39200.0,12650.0,66319924.94233301
40500.0,12650.0,67619924.94233301
41800.0,12650.0,68919924.94233301
43100.0,12650.0,70219924.94233301
44400.0,12650.0,71519924.94233301
45700.0,12650.0,72819924.94233307
47000.0,12650.0,74119924.94233304
48300.0,12650.0,75419924.94233309
49600.0,12650.0,76719924.94233307
50900.0,12650.0,78019924.94233303
52200.0,12650.0,79319924.94233306
53500.0,12650.0,80619924.94233301
54800.0,12650.0,81919924.94233304
56100.0,12650.0,83219924.94233303
57400.0,12650.0,84519924.94233303
58700.0,12650.0,85819924.94233301
60000.0,12650.0,87119924.94233301
8000.0,14200.0,33569924.94233306
9300.0,14200.0,34869924.94233306
10600.0,14200.0,36169924.94233306
11900.0,14200.0,37469924.94233306
13200.0,14200.0,38769924.94233311
14500.0,14200.0,40069924.94233308
15800.0,14200.0,41369924.94233303
17100.0,14200.0,42669924.942333005
18400.0,14200.0,43969924.942333
19700.0,14200.0,45269924.94233301
21000.0,14200.0,46569924.94233301
22300.0,14200.0,47869924.94233301
23600.0,14200.0,49169924.94233301
24900.0,14200.0,50469924.942333005
26200.0,14200.0,51769924.942333005
27500.0,14200.0,53069924.942333005
28800.0,14200.0,54369924.942333005
30100.0,14200.0,55669924.942333005
31400.0,14200.0,56969924.94233301
32700.0,14200.0,58269924.94233301
34000.0,14200.0,59569924.94233301
35300.0,14200.0,60869924.94233301
36600.0,14200.0,62169924.94233301
37900.0,14200.0,63469924.94233301
39200.0,14200.0,64769924.94233301
40500.0,14200.0,66069924.94233301
41800.0,14200.0,67369924.94233301
43100.0,14200.0,68669924.94233301
44400.0,14200.0,69969924.94233301
45700.0,14200.0,71269924.94233307
47000.0,14200.0,72569924.94233304
48300.0,14200.0,73869924.94233309
49600.0,14200.0,75169924.94233307
50900.0,14200.0,76469924.94233303
52200.0,14200.0,77769924.94233306
53500.0,14200.0,79069924.94233301
54800.0,14200.0,80369924.94233304
56100.0,14200.0,81669924.94233303
57400.0,14200.0,82969924.94233303
58700.0,14200.0,84269924.94233301
60000.0,14200.0,85569924.94233301
8000.0,15750.0,32019924.94233306
9300.0,15750.0,33319924.94233306
10600.0,15750.0,34619924.94233306
11900.0,15750.0,35919924.94233306
13200.0,15750.0,37219924.94233311
14500.0,15750.0,38519924.94233308
15800.0,15750.0,39819924.94233303
17100.0,15750.0,41119924.942333005
18400.0,15750.0,42419924.942333
19700.0,15750.0,43719924.94233301
21000.0,15750.0,45019924.94233301
22300.0,15750.0,46319924.94233301
23600.0,15750.0,47619924.94233301
24900.0,15750.0,48919924.942333005
26200.0,15750.0,50219924.942333005
27500.0,15750.0,51519924.942333005
28800.0,15750.0,52819924.942333005
30100.0,15750.0,54119924.942333005
31400.0,15750.0,55419924.94233301
32700.0,15750.0,56719924.94233301
34000.0,15750.0,58019924.94233301
35300.0,15750.0,59319924.94233301
36600.0,15750.0,60619924.94233301
37900.0,15750.0,61919924.94233301
39200.0,15750.0,63219924.94233301
40500.0,15750.0,64519924.94233301
41800.0,15750.0,65819924.94233301
43100.0,15750.0,67119924.94233301
44400.0,15750.0,68419924.94233301
45700.0,15750.0,69719924.94233307
47000.0,15750.0,71019924.94233304
48300.0,15750.0,72319924.94233309
49600.0,15750.0,73619924.94233307
50900.0,15750.0,74919924.94233303
52200.0,15750.0,76219924.94233306
53500.0,15750.0,77519924.94233301
54800.0,15750.0,78819924.94233304
56100.0,15750.0,80119924.94233303
57400.0,15750.0,81419924.94233303
58700.0,15750.0,82719924.94233301
60000.0,15750.0,84019924.94233301
8000.0,17300.0,30469924.94233306
9300.0,17300.0,31769924.94233306
10600.0,17300.0,33069924.94233306
11900.0,17300.0,34369924.94233306
13200.0,17300.0,35669924.94233311
14500.0,17300.0,36969924.94233308
15800.0,17300.0,38269924.94233303
17100.0,17300.0,39569924.942333005
18400.0,17300.0,40869924.942333
19700.0,17300.0,42169924.94233301
21000.0,17300.0,43469924.94233301
22300.0,17300.0,44769924.94233301
23600.0,17300.0,46069924.94233301
24900.0,17300.0,47369924.942333005
26200.0,17300.0,48669924.942333005
27500.0,17300.0,49969924.942333005
28800.0,17300.0,51269924.942333005
30100.0,17300.0,52569924.942333005
31400.0,17300.0,53869924.94233301
32700.0,17300.0,55169924.94233301
34000.0,17300.0,56469924.94233301
35300.0,17300.0,57769924.94233301
36600.0,17300.0,59069924.94233301
37900.0,17300.0,60369924.94233301
39200.0,17300.0,61669924.94233301
40500.0,17300.0,62969924.94233301
41800.0,17300.0,64269924.94233301
43100.0,17300.0,65569924.94233301
44400.0,17300.0,66869924.94233301
45700.0,17300.0,68169924.94233307
47000.0,17300.0,69469924.94233304
48300.0,17300.0,70769924.94233309
49600.0,17300.0,72069924.94233307
50900.0,17300.0,73369924.94233303
52200.0,17300.0,74669924.94233306
53500.0,17300.0,75969924.94233301
54800.0,17300.0,77269924.94233304
56100.0,17300.0,78569924.94233303
57400.0,17300.0,79869924.94233303
58700.0,17300.0,81169924.94233301
60000.0,17300.0,82469924.94233301
8000.0,18850.0,28919924.94233307
9300.0,18850.0,30219924.94233307
10600.0,18850.0,31519924.94233307
11900.0,18850.0,32819924.942333065
13200.0,18850.0,34119924.94233312
14500.0,18850.0,35419924.94233309
15800.0,18850.0,36719924.942333035
17100.0,18850.0,38019924.94233301
18400.0,18850.0,39319924.942333005
19700.0,18850.0,40619924.94233302
21000.0,18850.0,41919924.94233302
22300.0,18850.0,43219924.94233302
23600.0,18850.0,44519924.94233302
24900.0,18850.0,45819924.94233301
26200.0,18850.0,47119924.94233301
27500.0,18850.0,48419924.94233301
28800.0,18850.0,49719924.94233301
30100.0,18850.0,51019924.94233301
31400.0,18850.0,52319924.94233302
32700.0,18850.0,53619924.94233302
34000.0,18850.0,54919924.94233302
35300.0,18850.0,56219924.94233302
36600.0,18850.0,57519924.94233302
37900.0,18850.0,58819924.94233302
39200.0,18850.0,60119924.94233302
40500.0,18850.0,61419924.94233302
41800.0,18850.0,62719924.94233302
43100.0,18850.0,64019924.94233302
44400.0,18850.0,65319924.94233302
45700.0,18850.0,66619924.94233308
47000.0,18850.0,67919924.94233304
48300.0,18850.0,69219924.9423331
49600.0,18850.0,70519924.94233307
50900.0,18850.0,71819924.94233304
52200.0,18850.0,73119924.94233307
53500.0,18850.0,74419924.94233301
54800.0,18850.0,75719924.94233304
56100.0,18850.0,77019924.94233304
57400.0,18850.0,78319924.94233304
58700.0,18850.0,79619924.94233301
60000.0,18850.0,80919924.94233301
8000.0,20400.0,27369924.9423331
9300.0,20400.0,28669924.9423331
10600.0,20400.0,29969924.9423331
11900.0,20400.0,31269924.942333095
13200.0,20400.0,32569924.942333147
14500.0,20400.0,33869924.94233312
15800.0,20400.0,35169924.942333065
17100.0,20400.0,36469924.94233304
18400.0,20400.0,37769924.942333035
19700.0,20400.0,39069924.94233305
21000.0,20400.0,40369924.94233305
22300.0,20400.0,41669924.94233305
23600.0,20400.0,42969924.94233305
24900.0,20400.0,44269924.94233304
26200.0,20400.0,45569924.94233304
27500.0,20400.0,46869924.94233304
28800.0,20400.0,48169924.94233304
30100.0,20400.0,49469924.94233304
31400.0,20400.0,50769924.94233305
32700.0,20400.0,52069924.94233305
34000.0,20400.0,53369924.94233305
35300.0,20400.0,54669924.94233305
36600.0,20400.0,55969924.94233305
37900.0,20400.0,57269924.94233305
39200.0,20400.0,58569924.94233305
40500.0,20400.0,59869924.94233305
41800.0,20400.0,61169924.94233305
43100.0,20400.0,62469924.94233305
44400.0,20400.0,63769924.94233305
45700.0,20400.0,65069924.94233311
47000.0,20400.0,66369924.94233308
48300.0,20400.0,67669924.94233313
49600.0,20400.0,68969924.9423331
50900.0,20400.0,70269924.94233307
52200.0,20400.0,71569924.9423331
53500.0,20400.0,72869924.94233304
54800.0,20400.0,74169924.94233307
56100.0,20400.0,75469924.94233307
57400.0,20400.0,76769924.94233307
58700.0,20400.0,78069924.94233304
60000.0,20400.0,79369924.94233304
8000.0,21950.0,25819924.9423331
9300.0,21950.0,27119924.9423331
10600.0,21950.0,28419924.9423331
11900.0,21950.0,29719924.942333095
13200.0,21950.0,31019924.942333147
14500.0,21950.0,32319924.942333117
15800.0,21950.0,33619924.942333065
17100.0,21950.0,34919924.94233304
18400.0,21950.0,36219924.942333035
19700.0,21950.0,37519924.94233305
21000.0,21950.0,38819924.94233305
22300.0,21950.0,40119924.94233305
23600.0,21950.0,41419924.94233305
24900.0,21950.0,42719924.94233304
26200.0,21950.0,44019924.94233304
27500.0,21950.0,45319924.94233304
28800.0,21950.0,46619924.94233304
30100.0,21950.0,47919924.94233304
31400.0,21950.0,49219924.94233305
32700.0,21950.0,50519924.94233305
34000.0,21950.0,51819924.94233305
35300.0,21950.0,53119924.94233305
36600.0,21950.0,54419924.94233305
37900.0,21950.0,55719924.94233305
39200.0,21950.0,57019924.94233305
40500.0,21950.0,58319924.94233305
41800.0,21950.0,59619924.94233305
43100.0,21950.0,60919924.94233305
44400.0,21950.0,62219924.94233305
45700.0,21950.0,63519924.94233311
47000.0,21950.0,64819924.94233308
48300.0,21950.0,66119924.942333125
49600.0,21950.0,67419924.9423331
50900.0,21950.0,68719924.94233307
52200.0,21950.0,70019924.9423331
53500.0,21950.0,71319924.94233304
54800.0,21950.0,72619924.94233307
56100.0,21950.0,73919924.94233307
57400.0,21950.0,75219924.94233307
58700.0,21950.0,76519924.94233304
60000.0,21950.0,77819924.94233304
8000.0,23500.0,24269924.942333084
9300.0,23500.0,25569924.942333084
10600.0,23500.0,26869924.942333084
11900.0,23500.0,28169924.94233308
13200.0,23500.0,29469924.942333132
14500.0,23500.0,30769924.942333102
15800.0,23500.0,32069924.94233305
17100.0,23500.0,33369924.942333028
18400.0,23500.0,34669924.94233302
19700.0,23500.0,35969924.942333035
21000.0,23500.0,37269924.942333035
22300.0,23500.0,38569924.942333035
23600.0,23500.0,39869924.942333035
24900.0,23500.0,41169924.94233303
26200.0,23500.0,42469924.94233303
27500.0,23500.0,43769924.94233303
28800.0,23500.0,45069924.94233303
30100.0,23500.0,46369924.94233303
31400.0,23500.0,47669924.942333035
32700.0,23500.0,48969924.942333035
34000.0,23500.0,50269924.942333035
35300.0,23500.0,51569924.942333035
36600.0,23500.0,52869924.942333035
37900.0,23500.0,54169924.942333035
39200.0,23500.0,55469924.942333035
40500.0,23500.0,56769924.942333035
41800.0,23500.0,58069924.942333035
43100.0,23500.0,59369924.942333035
44400.0,23500.0,60669924.942333035
45700.0,23500.0,61969924.942333095
47000.0,23500.0,63269924.942333065
48300.0,23500.0,64569924.94233311
49600.0,23500.0,65869924.942333095
50900.0,23500.0,67169924.94233304
52200.0,23500.0,68469924.94233307
53500.0,23500.0,69769924.94233304
54800.0,23500.0,71069924.94233307
56100.0,23500.0,72369924.94233304
57400.0,23500.0,73669924.94233304
58700.0,23500.0,74969924.94233304
60000.0,23500.0,76269924.94233304
8000.0,25050.0,22719924.942333084
9300.0,25050.0,24019924.942333084
10600.0,25050.0,25319924.942333084
11900.0,25050.0,26619924.94233308
13200.0,25050.0,27919924.942333132
14500.0,25050.0,29219924.942333102
15800.0,25050.0,30519924.94233305
17100.0,25050.0,31819924.942333028
18400.0,25050.0,33119924.94233302
19700.0,25050.0,34419924.942333035
21000.0,25050.0,35719924.942333035
22300.0,25050.0,37019924.942333035
23600.0,25050.0,38319924.942333035
24900.0,25050.0,39619924.94233303
26200.0,25050.0,40919924.94233303
27500.0,25050.0,42219924.94233303
28800.0,25050.0,43519924.94233303
30100.0,25050.0,44819924.94233303
31400.0,25050.0,46119924.942333035
32700.0,25050.0,47419924.942333035
34000.0,25050.0,48719924.942333035
35300.0,25050.0,50019924.942333035
36600.0,25050.0,51319924.942333035
37900.0,25050.0,52619924.942333035
39200.0,25050.0,53919924.942333035
40500.0,25050.0,55219924.942333035
41800.0,25050.0,56519924.942333035
43100.0,25050.0,57819924.942333035
44400.0,25050.0,59119924.942333035
45700.0,25050.0,60419924.942333095
47000.0,25050.0,61719924.942333065
48300.0,25050.0,63019924.94233311
49600.0,25050.0,64319924.942333095
50900.0,25050.0,65619924.94233305
52200.0,25050.0,66919924.94233308
53500.0,25050.0,68219924.94233304
54800.0,25050.0,69519924.94233307
56100.0,25050.0,70819924.94233304
57400.0,25050.0,72119924.94233304
58700.0,25050.0,73419924.94233304
60000.0,25050.0,74719924.94233304
8000.0,26600.0,21169924.9423331
9300.0,26600.0,22469924.9423331
10600.0,26600.0,23769924.9423331
11900.0,26600.0,25069924.942333095
13200.0,26600.0,26369924.942333147
14500.0,26600.0,27669924.942333117
15800.0,26600.0,28969924.942333065
17100.0,26600.0,30269924.942333043
18400.0,26600.0,31569924.942333035
19700.0,26600.0,32869924.94233305
21000.0,26600.0,34169924.94233305
22300.0,26600.0,35469924.94233305
23600.0,26600.0,36769924.94233305
24900.0,26600.0,38069924.94233304
26200.0,26600.0,39369924.94233304
27500.0,26600.0,40669924.94233304
28800.0,26600.0,41969924.94233304
30100.0,26600.0,43269924.94233304
31400.0,26600.0,44569924.94233305
32700.0,26600.0,45869924.94233305
34000.0,26600.0,47169924.94233305
35300.0,26600.0,48469924.94233305
36600.0,26600.0,49769924.94233305
37900.0,26600.0,51069924.94233305
39200.0,26600.0,52369924.94233305
40500.0,26600.0,53669924.94233305
41800.0,26600.0,54969924.94233305
43100.0,26600.0,56269924.94233305
44400.0,26600.0,57569924.94233305
45700.0,26600.0,58869924.94233311
47000.0,26600.0,60169924.94233308
48300.0,26600.0,61469924.942333125
49600.0,26600.0,62769924.94233311
50900.0,26600.0,64069924.942333065
52200.0,26600.0,65369924.942333095
53500.0,26600.0,66669924.94233305
54800.0,26600.0,67969924.94233307
56100.0,26600.0,69269924.94233307
57400.0,26600.0,70569924.94233307
58700.0,26600.0,71869924.94233304
60000.0,26600.0,73169924.94233304
8000.0,28150.0,19619924.94233313
9300.0,28150.0,20919924.94233313
10600.0,28150.0,22219924.94233313
11900.0,28150.0,23519924.942333125
13200.0,28150.0,24819924.942333177
14500.0,28150.0,26119924.942333147
15800.0,28150.0,27419924.942333095
17100.0,28150.0,28719924.942333072
18400.0,28150.0,30019924.942333065
19700.0,28150.0,31319924.94233308
21000.0,28150.0,32619924.94233308
22300.0,28150.0,33919924.94233308
23600.0,28150.0,35219924.94233308
24900.0,28150.0,36519924.94233307
26200.0,28150.0,37819924.94233307
27500.0,28150.0,39119924.94233307
28800.0,28150.0,40419924.94233307
30100.0,28150.0,41719924.94233307
31400.0,28150.0,43019924.94233308
32700.0,28150.0,44319924.94233308
34000.0,28150.0,45619924.94233308
35300.0,28150.0,46919924.94233308
36600.0,28150.0,48219924.94233308
37900.0,28150.0,49519924.94233308
39200.0,28150.0,50819924.94233308
40500.0,28150.0,52119924.94233308
41800.0,28150.0,53419924.94233308
43100.0,28150.0,54719924.94233308
44400.0,28150.0,56019924.94233308
45700.0,28150.0,57319924.94233314
47000.0,28150.0,58619924.94233311
48300.0,28150.0,59919924.942333154
49600.0,28150.0,61219924.94233314
50900.0,28150.0,62519924.942333095
52200.0,28150.0,63819924.942333125
53500.0,28150.0,65119924.94233308
54800.0,28150.0,66419924.94233311
56100.0,28150.0,67719924.9423331
57400.0,28150.0,69019924.9423331
58700.0,28150.0,70319924.94233307
60000.0,28150.0,71619924.94233307
8000.0,29700.0,18069924.942333143
9300.0,29700.0,19369924.942333143
10600.0,29700.0,20669924.942333143
11900.0,29700.0,21969924.94233314
13200.0,29700.0,23269924.94233319
14500.0,29700.0,24569924.94233316
15800.0,29700.0,25869924.94233311
17100.0,29700.0,27169924.942333087
18400.0,29700.0,28469924.94233308
19700.0,29700.0,29769924.942333095
21000.0,29700.0,31069924.942333095
22300.0,29700.0,32369924.942333095
23600.0,29700.0,33669924.942333095
24900.0,29700.0,34969924.94233309
26200.0,29700.0,36269924.94233309
27500.0,29700.0,37569924.94233309
28800.0,29700.0,38869924.94233309
30100.0,29700.0,40169924.94233309
31400.0,29700.0,41469924.942333095
32700.0,29700.0,42769924.942333095
34000.0,29700.0,44069924.942333095
35300.0,29700.0,45369924.942333095
36600.0,29700.0,46669924.942333095
37900.0,29700.0,47969924.942333095
39200.0,29700.0,49269924.942333095
40500.0,29700.0,50569924.942333095
41800.0,29700.0,51869924.942333095
43100.0,29700.0,53169924.942333095
44400.0,29700.0,54469924.942333095
45700.0,29700.0,55769924.942333154
47000.0,29700.0,57069924.942333125
48300.0,29700.0,58369924.94233317
49600.0,29700.0,59669924.942333154
50900.0,29700.0,60969924.94233311
52200.0,29700.0,62269924.94233314
53500.0,29700.0,63569924.942333095
54800.0,29700.0,64869924.942333125
56100.0,29700.0,66169924.94233311
57400.0,29700.0,67469924.9423331
58700.0,29700.0,68769924.9423331
60000.0,29700.0,70069924.9423331
8000.0,31250.0,16519924.942333158
9300.0,31250.0,17819924.942333158
10600.0,31250.0,19119924.942333158
11900.0,31250.0,20419924.942333154
13200.0,31250.0,21719924.942333207
14500.0,31250.0,23019924.942333177
15800.0,31250.0,24319924.942333125
17100.0,31250.0,25619924.942333102
18400.0,31250.0,26919924.942333095
19700.0,31250.0,28219924.94233311
21000.0,31250.0,29519924.94233311
22300.0,31250.0,30819924.94233311
23600.0,31250.0,32119924.94233311
24900.0,31250.0,33419924.942333102
26200.0,31250.0,34719924.9423331
27500.0,31250.0,36019924.9423331
28800.0,31250.0,37319924.9423331
30100.0,31250.0,38619924.9423331
31400.0,31250.0,39919924.94233311
32700.0,31250.0,41219924.94233311
34000.0,31250.0,42519924.94233311
35300.0,31250.0,43819924.94233311
36600.0,31250.0,45119924.94233311
37900.0,31250.0,46419924.94233311
39200.0,31250.0,47719924.94233311
40500.0,31250.0,49019924.94233311
41800.0,31250.0,50319924.94233311
43100.0,31250.0,51619924.94233311
44400.0,31250.0,52919924.94233311
45700.0,31250.0,54219924.94233317
47000.0,31250.0,55519924.94233314
48300.0,31250.0,56819924.942333184
49600.0,31250.0,58119924.94233317
50900.0,31250.0,59419924.942333125
52200.0,31250.0,60719924.942333154
53500.0,31250.0,62019924.94233311
54800.0,31250.0,63319924.94233314
56100.0,31250.0,64619924.942333125
57400.0,31250.0,65919924.942333125
58700.0,31250.0,67219924.9423331
60000.0,31250.0,68519924.9423331
8000.0,32800.0,14969924.942333158
9300.0,32800.0,16269924.942333158
10600.0,32800.0,17569924.942333158
11900.0,32800.0,18869924.942333154
13200.0,32800.0,20169924.942333207
14500.0,32800.0,21469924.942333177
15800.0,32800.0,22769924.942333125
17100.0,32800.0,24069924.942333102
18400.0,32800.0,25369924.942333095
19700.0,32800.0,26669924.94233311
21000.0,32800.0,27969924.94233311
22300.0,32800.0,29269924.94233311
23600.0,32800.0,30569924.94233311
24900.0,32800.0,31869924.942333102
26200.0,32800.0,33169924.942333102
27500.0,32800.0,34469924.9423331
28800.0,32800.0,35769924.9423331
30100.0,32800.0,37069924.9423331
31400.0,32800.0,38369924.94233311
32700.0,32800.0,39669924.94233311
34000.0,32800.0,40969924.94233311
35300.0,32800.0,42269924.94233311
36600.0,32800.0,43569924.94233311
37900.0,32800.0,44869924.94233311
39200.0,32800.0,46169924.94233311
40500.0,32800.0,47469924.94233311
41800.0,32800.0,48769924.94233311
43100.0,32800.0,50069924.94233311
44400.0,32800.0,51369924.94233311
45700.0,32800.0,52669924.94233317
47000.0,32800.0,53969924.94233314
48300.0,32800.0,55269924.942333184
49600.0,32800.0,56569924.94233317
50900.0,32800.0,57869924.942333125
52200.0,32800.0,59169924.942333154
53500.0,32800.0,60469924.94233311
54800.0,32800.0,61769924.94233314
56100.0,32800.0,63069924.942333125
57400.0,32800.0,64369924.942333125
58700.0,32800.0,65669924.94233311
60000.0,32800.0,66969924.94233311
8000.0,34350.0,13419924.942333158
9300.0,34350.0,14719924.942333158
10600.0,34350.0,16019924.942333158
11900.0,34350.0,17319924.942333154
13200.0,34350.0,18619924.942333207
14500.0,34350.0,19919924.942333177
15800.0,34350.0,21219924.942333125
17100.0,34350.0,22519924.942333102
18400.0,34350.0,23819924.942333095
19700.0,34350.0,25119924.94233311
21000.0,34350.0,26419924.94233311
22300.0,34350.0,27719924.94233311
23600.0,34350.0,29019924.94233311
24900.0,34350.0,30319924.942333102
26200.0,34350.0,31619924.942333102
27500.0,34350.0,32919924.942333102
28800.0,34350.0,34219924.9423331
30100.0,34350.0,35519924.9423331
31400.0,34350.0,36819924.94233311
32700.0,34350.0,38119924.94233311
34000.0,34350.0,39419924.94233311
35300.0,34350.0,40719924.94233311
36600.0,34350.0,42019924.94233311
37900.0,34350.0,43319924.94233311
39200.0,34350.0,44619924.94233311
40500.0,34350.0,45919924.94233311
41800.0,34350.0,47219924.94233311
43100.0,34350.0,48519924.94233311
44400.0,34350.0,49819924.94233311
45700.0,34350.0,51119924.94233317
47000.0,34350.0,52419924.94233314
48300.0,34350.0,53719924.942333184
49600.0,34350.0,55019924.94233317
50900.0,34350.0,56319924.942333125
52200.0,34350.0,57619924.942333154
53500.0,34350.0,58919924.94233311
54800.0,34350.0,60219924.94233314
56100.0,34350.0,61519924.942333125
57400.0,34350.0,62819924.942333125
58700.0,34350.0,64119924.94233311
60000.0,34350.0,65419924.94233311
8000.0,35900.0,11869924.942333158
9300.0,35900.0,13169924.942333158
10600.0,35900.0,14469924.942333158
11900.0,35900.0,15769924.942333154
13200.0,35900.0,17069924.942333207
14500.0,35900.0,18369924.942333177
15800.0,35900.0,19669924.942333125
17100.0,35900.0,20969924.942333102
18400.0,35900.0,22269924.942333095
19700.0,35900.0,23569924.94233311
21000.0,35900.0,24869924.94233311
22300.0,35900.0,26169924.94233311
23600.0,35900.0,27469924.94233311
24900.0,35900.0,28769924.942333102
26200.0,35900.0,30069924.942333102
27500.0,35900.0,31369924.942333102
28800.0,35900.0,32669924.942333102
30100.0,35900.0,33969924.9423331
31400.0,35900.0,35269924.94233311
32700.0,35900.0,36569924.94233311
34000.0,35900.0,37869924.94233311
35300.0,35900.0,39169924.94233311
36600.0,35900.0,40469924.94233311
37900.0,35900.0,41769924.94233311
39200.0,35900.0,43069924.94233311
40500.0,35900.0,44369924.94233311
41800.0,35900.0,45669924.94233311
43100.0,35900.0,46969924.94233311
44400.0,35900.0,48269924.94233311
45700.0,35900.0,49569924.94233317
47000.0,35900.0,50869924.94233314
48300.0,35900.0,52169924.942333184
49600.0,35900.0,53469924.94233317
50900.0,35900.0,54769924.942333125
52200.0,35900.0,56069924.942333154
53500.0,35900.0,57369924.94233311
54800.0,35900.0,58669924.94233314
56100.0,35900.0,59969924.942333125
57400.0,35900.0,61269924.942333125
58700.0,35900.0,62569924.94233311
60000.0,35900.0,63869924.94233311
8000.0,37450.0,10319924.942333158
9300.0,37450.0,11619924.942333158
10600.0,37450.0,12919924.942333158
11900.0,37450.0,14219924.942333154
13200.0,37450.0,15519924.942333207
14500.0,37450.0,16819924.942333177
15800.0,37450.0,18119924.942333125
17100.0,37450.0,19419924.942333102
18400.0,37450.0,20719924.942333095
19700.0,37450.0,22019924.94233311
21000.0,37450.0,23319924.94233311
22300.0,37450.0,24619924.94233311
23600.0,37450.0,25919924.94233311
24900.0,37450.0,27219924.942333102
26200.0,37450.0,28519924.942333102
27500.0,37450.0,29819924.942333102
28800.0,37450.0,31119924.942333102
30100.0,37450.0,32419924.942333102
31400.0,37450.0,33719924.94233311
32700.0,37450.0,35019924.94233311
34000.0,37450.0,36319924.94233311
35300.0,37450.0,37619924.94233311
36600.0,37450.0,38919924.94233311
37900.0,37450.0,40219924.94233311
39200.0,37450.0,41519924.94233311
40500.0,37450.0,42819924.94233311
41800.0,37450.0,44119924.94233311
43100.0,37450.0,45419924.94233311
44400.0,37450.0,46719924.94233311
45700.0,37450.0,48019924.94233317
47000.0,37450.0,49319924.94233314
48300.0,37450.0,50619924.942333184
49600.0,37450.0,51919924.94233317
50900.0,37450.0,53219924.942333125
52200.0,37450.0,54519924.942333154
53500.0,37450.0,55819924.94233311
54800.0,37450.0,57119924.94233314
56100.0,37450.0,58419924.942333125
57400.0,37450.0,59719924.942333125
58700.0,37450.0,61019924.94233311
60000.0,37450.0,62319924.94233311
8000.0,39000.0,8769924.942333158
9300.0,39000.0,10069924.942333158
10600.0,39000.0,11369924.942333158
11900.0,39000.0,12669924.942333154
13200.0,39000.0,13969924.942333207
14500.0,39000.0,15269924.942333177
15800.0,39000.0,16569924.942333125
17100.0,39000.0,17869924.942333102
18400.0,39000.0,19169924.942333095
19700.0,39000.0,20469924.94233311
21000.0,39000.0,21769924.94233311
22300.0,39000.0,23069924.94233311
23600.0,39000.0,24369924.94233311
24900.0,39000.0,25669924.942333102
26200.0,39000.0,26969924.942333102
27500.0,39000.0,28269924.942333102
28800.0,39000.0,29569924.942333102
30100.0,39000.0,30869924.942333102
31400.0,39000.0,32169924.94233311
32700.0,39000.0,33469924.94233311
34000.0,39000.0,34769924.94233311
35300.0,39000.0,36069924.94233311
36600.0,39000.0,37369924.94233311
37900.0,39000.0,38669924.94233311
39200.0,39000.0,39969924.94233311
40500.0,39000.0,41269924.94233311
41800.0,39000.0,42569924.94233311
43100.0,39000.0,43869924.94233311
44400.0,39000.0,45169924.94233311
45700.0,39000.0,46469924.94233317
47000.0,39000.0,47769924.94233314
48300.0,39000.0,49069924.942333184
49600.0,39000.0,50369924.94233317
50900.0,39000.0,51669924.942333125
52200.0,39000.0,52969924.942333154
53500.0,39000.0,54269924.94233311
54800.0,39000.0,55569924.94233314
56100.0,39000.0,56869924.942333125
57400.0,39000.0,58169924.942333125
58700.0,39000.0,59469924.94233311
60000.0,39000.0,60769924.94233311
8000.0,40550.0,7219924.942333158
9300.0,40550.0,8519924.942333158
10600.0,40550.0,9819924.942333158
11900.0,40550.0,11119924.942333154
13200.0,40550.0,12419924.942333207
14500.0,40550.0,13719924.942333177
15800.0,40550.0,15019924.942333125
17100.0,40550.0,16319924.942333102
18400.0,40550.0,17619924.942333095
19700.0,40550.0,18919924.94233311
21000.0,40550.0,20219924.94233311
22300.0,40550.0,21519924.94233311
23600.0,40550.0,22819924.94233311
24900.0,40550.0,24119924.942333102
26200.0,40550.0,25419924.942333102
27500.0,40550.0,26719924.942333102
28800.0,40550.0,28019924.942333102
30100.0,40550.0,29319924.942333102
31400.0,40550.0,30619924.94233311
32700.0,40550.0,31919924.94233311
34000.0,40550.0,33219924.94233311
35300.0,40550.0,34519924.94233311
36600.0,40550.0,35819924.94233311
37900.0,40550.0,37119924.94233311
39200.0,40550.0,38419924.94233311
40500.0,40550.0,39719924.94233311
41800.0,40550.0,41019924.94233311
43100.0,40550.0,42319924.94233311
44400.0,40550.0,43619924.94233311
45700.0,40550.0,44919924.94233317
47000.0,40550.0,46219924.94233314
48300.0,40550.0,47519924.942333184
49600.0,40550.0,48819924.94233317
50900.0,40550.0,50119924.942333125
52200.0,40550.0,51419924.942333154
53500.0,40550.0,52719924.94233311
54800.0,40550.0,54019924.94233314
56100.0,40550.0,55319924.942333125
57400.0,40550.0,56619924.942333125
58700.0,40550.0,57919924.94233311
60000.0,40550.0,59219924.94233311
8000.0,42100.0,5669924.942333158
9300.0,42100.0,6969924.942333158
10600.0,42100.0,8269924.942333158
11900.0,42100.0,9569924.942333154
13200.0,42100.0,10869924.942333207
14500.0,42100.0,12169924.942333177
15800.0,42100.0,13469924.942333125
17100.0,42100.0,14769924.942333102
18400.0,42100.0,16069924.942333095
19700.0,42100.0,17369924.94233311
21000.0,42100.0,18669924.94233311
22300.0,42100.0,19969924.94233311
23600.0,42100.0,21269924.94233311
24900.0,42100.0,22569924.942333102
26200.0,42100.0,23869924.942333102
27500.0,42100.0,25169924.942333102
28800.0,42100.0,26469924.942333102
30100.0,42100.0,27769924.942333102
31400.0,42100.0,29069924.94233311
32700.0,42100.0,30369924.94233311
34000.0,42100.0,31669924.94233311
35300.0,42100.0,32969924.94233311
36600.0,42100.0,34269924.94233311
37900.0,42100.0,35569924.94233311
39200.0,42100.0,36869924.94233311
40500.0,42100.0,38169924.94233311
41800.0,42100.0,39469924.94233311
43100.0,42100.0,40769924.94233311
44400.0,42100.0,42069924.94233311
45700.0,42100.0,43369924.94233317
47000.0,42100.0,44669924.94233314
48300.0,42100.0,45969924.942333184
49600.0,42100.0,47269924.94233317
50900.0,42100.0,48569924.942333125
52200.0,42100.0,49869924.942333154
53500.0,42100.0,51169924.94233311
54800.0,42100.0,52469924.94233314
56100.0,42100.0,53769924.942333125
57400.0,42100.0,55069924.942333125
58700.0,42100.0,56369924.94233311
60000.0,42100.0,57669924.94233311
8000.0,43650.0,4119924.942333158
9300.0,43650.0,5419924.942333158
10600.0,43650.0,6719924.942333158
11900.0,43650.0,8019924.942333154
13200.0,43650.0,9319924.942333207
14500.0,43650.0,10619924.942333177
15800.0,43650.0,11919924.942333125
17100.0,43650.0,13219924.942333102
18400.0,43650.0,14519924.942333095
19700.0,43650.0,15819924.94233311
21000.0,43650.0,17119924.94233311
22300.0,43650.0,18419924.94233311
23600.0,43650.0,19719924.94233311
24900.0,43650.0,21019924.942333102
26200.0,43650.0,22319924.942333102
27500.0,43650.0,23619924.942333102
28800.0,43650.0,24919924.942333102
30100.0,43650.0,26219924.942333102
31400.0,43650.0,27519924.94233311
32700.0,43650.0,28819924.94233311
34000.0,43650.0,30119924.94233311
35300.0,43650.0,31419924.94233311
36600.0,43650.0,32719924.94233311
37900.0,43650.0,34019924.94233311
39200.0,43650.0,35319924.94233311
40500.0,43650.0,36619924.94233311
41800.0,43650.0,37919924.94233311
43100.0,43650.0,39219924.94233311
44400.0,43650.0,40519924.94233311
45700.0,43650.0,41819924.94233317
47000.0,43650.0,43119924.94233314
48300.0,43650.0,44419924.942333184
49600.0,43650.0,45719924.94233317
50900.0,43650.0,47019924.942333125
52200.0,43650.0,48319924.942333154
53500.0,43650.0,49619924.94233311
54800.0,43650.0,50919924.94233314
56100.0,43650.0,52219924.942333125
57400.0,43650.0,53519924.942333125
58700.0,43650.0,54819924.94233311
60000.0,43650.0,56119924.94233311
8000.0,45200.0,2569924.942333158
9300.0,45200.0,3869924.942333158
10600.0,45200.0,5169924.942333158
11900.0,45200.0,6469924.942333154
13200.0,45200.0,7769924.942333207
14500.0,45200.0,9069924.942333177
15800.0,45200.0,10369924.942333125
17100.0,45200.0,11669924.942333102
18400.0,45200.0,12969924.942333095
19700.0,45200.0,14269924.94233311
21000.0,45200.0,15569924.94233311
22300.0,45200.0,16869924.94233311
23600.0,45200.0,18169924.94233311
24900.0,45200.0,19469924.942333102
26200.0,45200.0,20769924.942333102
27500.0,45200.0,22069924.942333102
28800.0,45200.0,23369924.942333102
30100.0,45200.0,24669924.942333102
31400.0,45200.0,25969924.94233311
32700.0,45200.0,27269924.94233311
34000.0,45200.0,28569924.94233311
35300.0,45200.0,29869924.94233311
36600.0,45200.0,31169924.94233311
37900.0,45200.0,32469924.94233311
39200.0,45200.0,33769924.94233311
40500.0,45200.0,35069924.94233311
41800.0,45200.0,36369924.94233311
43100.0,45200.0,37669924.94233311
44400.0,45200.0,38969924.94233311
45700.0,45200.0,40269924.94233317
47000.0,45200.0,41569924.94233314
48300.0,45200.0,42869924.942333184
49600.0,45200.0,44169924.94233317
50900.0,45200.0,45469924.942333125
52200.0,45200.0,46769924.942333154
53500.0,45200.0,48069924.94233311
54800.0,45200.0,49369924.94233314
56100.0,45200.0,50669924.942333125
57400.0,45200.0,51969924.942333125
58700.0,45200.0,53269924.94233311
60000.0,45200.0,54569924.94233311
8000.0,46750.0,1019924.9423331581
9300.0,46750.0,2319924.942333158
10600.0,46750.0,3619924.942333158
11900.0,46750.0,4919924.942333154
13200.0,46750.0,6219924.942333207
14500.0,46750.0,7519924.942333177
15800.0,46750.0,8819924.942333125
17100.0,46750.0,10119924.942333102
18400.0,46750.0,11419924.942333095
19700.0,46750.0,12719924.94233311
21000.0,46750.0,14019924.94233311
22300.0,46750.0,15319924.94233311
23600.0,46750.0,16619924.94233311
24900.0,46750.0,17919924.942333102
26200.0,46750.0,19219924.942333102
27500.0,46750.0,20519924.942333102
28800.0,46750.0,21819924.942333102
30100.0,46750.0,23119924.942333102
31400.0,46750.0,24419924.94233311
32700.0,46750.0,25719924.94233311
34000.0,46750.0,27019924.94233311
35300.0,46750.0,28319924.94233311
36600.0,46750.0,29619924.94233311
37900.0,46750.0,30919924.94233311
39200.0,46750.0,32219924.94233311
40500.0,46750.0,33519924.94233311
41800.0,46750.0,34819924.94233311
43100.0,46750.0,36119924.94233311
44400.0,46750.0,37419924.94233311
45700.0,46750.0,38719924.94233317
47000.0,46750.0,40019924.94233314
48300.0,46750.0,41319924.942333184
49600.0,46750.0,42619924.94233317
50900.0,46750.0,43919924.942333125
52200.0,46750.0,45219924.942333154
53500.0,46750.0,46519924.94233311
54800.0,46750.0,47819924.94233314
56100.0,46750.0,49119924.942333125
57400.0,46750.0,50419924.942333125
58700.0,46750.0,51719924.94233311
60000.0,46750.0,53019924.94233311
8000.0,48300.0,-530075.0576668456
9300.0,48300.0,769924.9423331581
10600.0,48300.0,2069924.942333158
11900.0,48300.0,3369924.9423331544
13200.0,48300.0,4669924.942333207
14500.0,48300.0,5969924.942333177
15800.0,48300.0,7269924.942333125
17100.0,48300.0,8569924.942333102
18400.0,48300.0,9869924.942333095
19700.0,48300.0,11169924.94233311
21000.0,48300.0,12469924.94233311
22300.0,48300.0,13769924.94233311
23600.0,48300.0,15069924.94233311
24900.0,48300.0,16369924.942333102
26200.0,48300.0,17669924.942333102
27500.0,48300.0,18969924.942333102
28800.0,48300.0,20269924.942333102
30100.0,48300.0,21569924.942333102
31400.0,48300.0,22869924.94233311
32700.0,48300.0,24169924.94233311
34000.0,48300.0,25469924.94233311
35300.0,48300.0,26769924.94233311
36600.0,48300.0,28069924.94233311
37900.0,48300.0,29369924.94233311
39200.0,48300.0,30669924.94233311
40500.0,48300.0,31969924.94233311
41800.0,48300.0,33269924.94233311
43100.0,48300.0,34569924.94233311
44400.0,48300.0,35869924.94233311
45700.0,48300.0,37169924.94233317
47000.0,48300.0,38469924.94233314
48300.0,48300.0,39769924.942333184
49600.0,48300.0,41069924.94233317
50900.0,48300.0,42369924.942333125
52200.0,48300.0,43669924.942333154
53500.0,48300.0,44969924.94233311
54800.0,48300.0,46269924.94233314
56100.0,48300.0,47569924.942333125
57400.0,48300.0,48869924.942333125
58700.0,48300.0,50169924.94233311
60000.0,48300.0,51469924.94233311
8000.0,49850.0,-2080075.0576668456
9300.0,49850.0,-780075.0576668456
10600.0,49850.0,519924.9423331581
11900.0,49850.0,1819924.9423331544
13200.0,49850.0,3119924.9423332065
14500.0,49850.0,4419924.942333177
15800.0,49850.0,5719924.942333125
17100.0,49850.0,7019924.942333102
18400.0,49850.0,8319924.942333095
19700.0,49850.0,9619924.94233311
21000.0,49850.0,10919924.94233311
22300.0,49850.0,12219924.94233311
23600.0,49850.0,13519924.94233311
24900.0,49850.0,14819924.942333102
26200.0,49850.0,16119924.942333102
27500.0,49850.0,17419924.942333102
28800.0,49850.0,18719924.942333102
30100.0,49850.0,20019924.942333102
31400.0,49850.0,21319924.94233311
32700.0,49850.0,22619924.94233311
34000.0,49850.0,23919924.94233311
35300.0,49850.0,25219924.94233311
36600.0,49850.0,26519924.94233311
37900.0,49850.0,27819924.94233311
39200.0,49850.0,29119924.94233311
40500.0,49850.0,30419924.94233311
41800.0,49850.0,31719924.94233311
43100.0,49850.0,33019924.94233311
44400.0,49850.0,34319924.94233311
45700.0,49850.0,35619924.94233317
47000.0,49850.0,36919924.94233314
48300.0,49850.0,38219924.942333184
49600.0,49850.0,39519924.94233317
50900.0,49850.0,40819924.942333125
52200.0,49850.0,42119924.942333154
53500.0,49850.0,43419924.94233311
54800.0,49850.0,44719924.94233314
56100.0,49850.0,46019924.942333125
57400.0,49850.0,47319924.942333125
58700.0,49850.0,48619924.94233311
60000.0,49850.0,49919924.94233311
8000.0,51400.0,-3630075.0576668307
9300.0,51400.0,-2330075.0576668307
10600.0,51400.0,-1030075.0576668307
11900.0,51400.0,269924.9423331693
13200.0,51400.0,1569924.9423332214
14500.0,51400.0,2869924.9423331916
15800.0,51400.0,4169924.9423331395
17100.0,51400.0,5469924.942333117
18400.0,51400.0,6769924.94233311
19700.0,51400.0,8069924.942333125
21000.0,51400.0,9369924.942333125
22300.0,51400.0,10669924.942333125
23600.0,51400.0,11969924.942333125
24900.0,51400.0,13269924.942333117
26200.0,51400.0,14569924.942333117
27500.0,51400.0,15869924.942333117
28800.0,51400.0,17169924.942333117
30100.0,51400.0,18469924.942333117
31400.0,51400.0,19769924.942333125
32700.0,51400.0,21069924.942333125
34000.0,51400.0,22369924.942333125
35300.0,51400.0,23669924.942333125
36600.0,51400.0,24969924.942333125
37900.0,51400.0,26269924.942333125
39200.0,51400.0,27569924.942333125
40500.0,51400.0,28869924.942333125
41800.0,51400.0,30169924.942333125
43100.0,51400.0,31469924.942333125
44400.0,51400.0,32769924.942333125
45700.0,51400.0,34069924.942333184
47000.0,51400.0,35369924.942333154
48300.0,51400.0,36669924.9423332
49600.0,51400.0,37969924.942333184
50900.0,51400.0,39269924.94233314
52200.0,51400.0,40569924.94233317
53500.0,51400.0,41869924.942333125
54800.0,51400.0,43169924.942333154
56100.0,51400.0,44469924.94233314
57400.0,51400.0,45769924.94233314
58700.0,51400.0,47069924.942333125
60000.0,51400.0,48369924.942333125
8000.0,52950.0,-5180075.0576668605
9300.0,52950.0,-3880075.0576668605
10600.0,52950.0,-2580075.0576668605
11900.0,52950.0,-1280075.0576668605
13200.0,52950.0,19924.942333191633
14500.0,52950.0,1319924.9423331618
15800.0,52950.0,2619924.9423331097
17100.0,52950.0,3919924.9423330873
18400.0,52950.0,5219924.94233308
19700.0,52950.0,6519924.942333095
21000.0,52950.0,7819924.942333095
22300.0,52950.0,9119924.942333095
23600.0,52950.0,10419924.942333095
24900.0,52950.0,11719924.942333087
26200.0,52950.0,13019924.942333087
27500.0,52950.0,14319924.942333087
28800.0,52950.0,15619924.942333087
30100.0,52950.0,16919924.942333087
31400.0,52950.0,18219924.942333095
32700.0,52950.0,19519924.942333095
34000.0,52950.0,20819924.942333095
35300.0,52950.0,22119924.942333095
36600.0,52950.0,23419924.942333095
37900.0,52950.0,24719924.942333095
39200.0,52950.0,26019924.942333095
40500.0,52950.0,27319924.942333095
41800.0,52950.0,28619924.942333095
43100.0,52950.0,29919924.942333095
44400.0,52950.0,31219924.942333095
45700.0,52950.0,32519924.942333154
47000.0,52950.0,33819924.942333125
48300.0,52950.0,35119924.94233317
49600.0,52950.0,36419924.942333154
50900.0,52950.0,37719924.94233311
52200.0,52950.0,39019924.94233314
53500.0,52950.0,40319924.942333095
54800.0,52950.0,41619924.942333125
56100.0,52950.0,42919924.94233311
57400.0,52950.0,44219924.94233311
58700.0,52950.0,45519924.942333095
60000.0,52950.0,46819924.942333095
8000.0,54500.0,-6730075.05766695
9300.0,54500.0,-5430075.05766695
10600.0,54500.0,-4130075.05766695
11900.0,54500.0,-2830075.05766695
13200.0,54500.0,-1530075.0576668978
14500.0,54500.0,-230075.05766692758
15800.0,54500.0,1069924.9423330203
17100.0,54500.0,2369924.942332998
18400.0,54500.0,3669924.9423329905
19700.0,54500.0,4969924.942333005
21000.0,54500.0,6269924.942333005
22300.0,54500.0,7569924.942333005
23600.0,54500.0,8869924.942333005
24900.0,54500.0,10169924.942332998
26200.0,54500.0,11469924.942332998
27500.0,54500.0,12769924.942332998
28800.0,54500.0,14069924.942332998
30100.0,54500.0,15369924.942332998
31400.0,54500.0,16669924.942333005
32700.0,54500.0,17969924.942333005
34000.0,54500.0,19269924.942333005
35300.0,54500.0,20569924.942333005
36600.0,54500.0,21869924.942333005
37900.0,54500.0,23169924.942333005
39200.0,54500.0,24469924.942333005
40500.0,54500.0,25769924.942333005
41800.0,54500.0,27069924.942333005
43100.0,54500.0,28369924.942333005
44400.0,54500.0,29669924.942333005
45700.0,54500.0,30969924.942333065
47000.0,54500.0,32269924.942333035
48300.0,54500.0,33569924.94233308
49600.0,54500.0,34869924.942333065
50900.0,54500.0,36169924.94233302
52200.0,54500.0,37469924.94233305
53500.0,54500.0,38769924.942333005
54800.0,54500.0,40069924.942333035
56100.0,54500.0,41369924.94233302
57400.0,54500.0,42669924.94233302
58700.0,54500.0,43969924.942333005
60000.0,54500.0,45269924.942333005
8000.0,56050.0,-8280075.05766692
9300.0,56050.0,-6980075.05766692
10600.0,56050.0,-5680075.05766692
11900.0,56050.0,-4380075.05766692
13200.0,56050.0,-3080075.057666868
14500.0,56050.0,-1780075.0576668978
15800.0,56050.0,-480075.0576669499
17100.0,56050.0,819924.9423330277
18400.0,56050.0,2119924.9423330203
19700.0,56050.0,3419924.942333035
21000.0,56050.0,4719924.942333035
22300.0,56050.0,6019924.942333035
23600.0,56050.0,7319924.942333035
24900.0,56050.0,8619924.942333028
26200.0,56050.0,9919924.942333028
27500.0,56050.0,11219924.942333028
28800.0,56050.0,12519924.942333028
30100.0,56050.0,13819924.942333028
31400.0,56050.0,15119924.942333035
32700.0,56050.0,16419924.942333035
34000.0,56050.0,17719924.942333035
35300.0,56050.0,19019924.942333035
36600.0,56050.0,20319924.942333035
37900.0,56050.0,21619924.942333035
39200.0,56050.0,22919924.942333035
40500.0,56050.0,24219924.942333035
41800.0,56050.0,25519924.942333035
43100.0,56050.0,26819924.942333035
44400.0,56050.0,28119924.942333035
45700.0,56050.0,29419924.942333095
47000.0,56050.0,30719924.942333065
48300.0,56050.0,32019924.94233311
49600.0,56050.0,33319924.942333095
50900.0,56050.0,34619924.94233305
52200.0,56050.0,35919924.94233308
53500.0,56050.0,37219924.942333035
54800.0,56050.0,38519924.942333065
56100.0,56050.0,39819924.94233305
57400.0,56050.0,41119924.94233305
58700.0,56050.0,42419924.942333035
60000.0,56050.0,43719924.942333035
8000.0,57600.0,-9830075.05766695
9300.0,57600.0,-8530075.05766695
10600.0,57600.0,-7230075.05766695
11900.0,57600.0,-5930075.05766695
13200.0,57600.0,-4630075.057666898
14500.0,57600.0,-3330075.0576669276
15800.0,57600.0,-2030075.0576669797
17100.0,57600.0,-730075.0576670021
18400.0,57600.0,569924.9423329905
19700.0,57600.0,1869924.9423330054
21000.0,57600.0,3169924.9423330054
22300.0,57600.0,4469924.942333005
23600.0,57600.0,5769924.942333005
24900.0,57600.0,7069924.942332998
26200.0,57600.0,8369924.942332998
27500.0,57600.0,9669924.942332998
28800.0,57600.0,10969924.942332998
30100.0,57600.0,12269924.942332998
31400.0,57600.0,13569924.942333005
32700.0,57600.0,14869924.942333005
34000.0,57600.0,16169924.942333005
35300.0,57600.0,17469924.942333005
36600.0,57600.0,18769924.942333005
37900.0,57600.0,20069924.942333005
39200.0,57600.0,21369924.942333005
40500.0,57600.0,22669924.942333005
41800.0,57600.0,23969924.942333005
43100.0,57600.0,25269924.942333005
44400.0,57600.0,26569924.942333005
45700.0,57600.0,27869924.942333065
47000.0,57600.0,29169924.942333035
48300.0,57600.0,30469924.94233308
49600.0,57600.0,31769924.942333065
50900.0,57600.0,33069924.94233302
52200.0,57600.0,34369924.94233305
53500.0,57600.0,35669924.942333005
54800.0,57600.0,36969924.942333035
56100.0,57600.0,38269924.94233302
57400.0,57600.0,39569924.94233302
58700.0,57600.0,40869924.942333005
60000.0,57600.0,42169924.942333005
8000.0,59150.0,-11380075.05766698
9300.0,59150.0,-10080075.05766698
10600.0,59150.0,-8780075.05766698
11900.0,59150.0,-7480075.05766698
13200.0,59150.0,-6180075.057666928
14500.0,59150.0,-4880075.057666957
15800.0,59150.0,-3580075.0576670095
17100.0,59150.0,-2280075.057667032
18400.0,59150.0,-980075.0576670393
19700.0,59150.0,319924.94233297557
21000.0,59150.0,1619924.9423329756
22300.0,59150.0,2919924.9423329756
23600.0,59150.0,4219924.942332976
24900.0,59150.0,5519924.942332968
26200.0,59150.0,6819924.942332968
27500.0,59150.0,8119924.942332968
28800.0,59150.0,9419924.942332968
30100.0,59150.0,10719924.942332968
31400.0,59150.0,12019924.942332976
32700.0,59150.0,13319924.942332976
34000.0,59150.0,14619924.942332976
35300.0,59150.0,15919924.942332976
36600.0,59150.0,17219924.942332976
37900.0,59150.0,18519924.942332976
39200.0,59150.0,19819924.942332976
40500.0,59150.0,21119924.942332976
41800.0,59150.0,22419924.942332976
43100.0,59150.0,23719924.942332976
44400.0,59150.0,25019924.942332976
45700.0,59150.0,26319924.942333035
47000.0,59150.0,27619924.942333005
48300.0,59150.0,28919924.94233305
49600.0,59150.0,30219924.942333035
50900.0,59150.0,31519924.94233299
52200.0,59150.0,32819924.94233302
53500.0,59150.0,34119924.942332976
54800.0,59150.0,35419924.942333005
56100.0,59150.0,36719924.94233299
57400.0,59150.0,38019924.94233299
58700.0,59150.0,39319924.942332976
60000.0,59150.0,40619924.942332976
8000.0,60700.0,-12930075.05766698
9300.0,60700.0,-11630075.05766698
10600.0,60700.0,-10330075.05766698
11900.0,60700.0,-9030075.05766698
13200.0,60700.0,-7730075.057666928
14500.0,60700.0,-6430075.057666957
15800.0,60700.0,-5130075.0576670095
17100.0,60700.0,-3830075.057667032
18400.0,60700.0,-2530075.0576670393
19700.0,60700.0,-1230075.0576670244
21000.0,60700.0,69924.94233297557
22300.0,60700.0,1369924.9423329756
23600.0,60700.0,2669924.9423329756
24900.0,60700.0,3969924.942332968
26200.0,60700.0,5269924.942332968
27500.0,60700.0,6569924.942332968
28800.0,60700.0,7869924.942332968
30100.0,60700.0,9169924.942332968
31400.0,60700.0,10469924.942332976
32700.0,60700.0,11769924.942332976
34000.0,60700.0,13069924.942332976
35300.0,60700.0,14369924.942332976
36600.0,60700.0,15669924.942332976
37900.0,60700.0,16969924.942332976
39200.0,60700.0,18269924.942332976
40500.0,60700.0,19569924.942332976
41800.0,60700.0,20869924.942332976
43100.0,60700.0,22169924.942332976
44400.0,60700.0,23469924.942332976
45700.0,60700.0,24769924.942333035
47000.0,60700.0,26069924.942333005
48300.0,60700.0,27369924.94233305
49600.0,60700.0,28669924.942333035
50900.0,60700.0,29969924.94233299
52200.0,60700.0,31269924.94233302
53500.0,60700.0,32569924.942332976
54800.0,60700.0,33869924.942333005
56100.0,60700.0,35169924.94233299
57400.0,60700.0,36469924.94233299
58700.0,60700.0,37769924.942332976
60000.0,60700.0,39069924.942332976
8000.0,62250.0,-14480075.05766701
9300.0,62250.0,-13180075.05766701
10600.0,62250.0,-11880075.05766701
11900.0,62250.0,-10580075.05766701
13200.0,62250.0,-9280075.057666957
14500.0,62250.0,-7980075.057666987
15800.0,62250.0,-6680075.057667039
17100.0,62250.0,-5380075.057667062
18400.0,62250.0,-4080075.057667069
19700.0,62250.0,-2780075.0576670542
21000.0,62250.0,-1480075.0576670542
22300.0,62250.0,-180075.05766705424
23600.0,62250.0,1119924.9423329458
24900.0,62250.0,2419924.9423329383
26200.0,62250.0,3719924.9423329383
27500.0,62250.0,5019924.942332938
28800.0,62250.0,6319924.942332938
30100.0,62250.0,7619924.942332938
31400.0,62250.0,8919924.942332946
32700.0,62250.0,10219924.942332946
34000.0,62250.0,11519924.942332946
35300.0,62250.0,12819924.942332946
36600.0,62250.0,14119924.942332946
37900.0,62250.0,15419924.942332946
39200.0,62250.0,16719924.942332946
40500.0,62250.0,18019924.942332946
41800.0,62250.0,19319924.942332946
43100.0,62250.0,20619924.942332946
44400.0,62250.0,21919924.942332946
45700.0,62250.0,23219924.942333005
47000.0,62250.0,24519924.942332976
48300.0,62250.0,25819924.94233302
49600.0,62250.0,27119924.942333005
50900.0,62250.0,28419924.94233296
52200.0,62250.0,29719924.94233299
53500.0,62250.0,31019924.942332946
54800.0,62250.0,32319924.942332976
56100.0,62250.0,33619924.94233296
57400.0,62250.0,34919924.94233296
58700.0,62250.0,36219924.942332946
60000.0,62250.0,37519924.942332946
8000.0,63800.0,-16030075.05766701
9300.0,63800.0,-14730075.05766701
10600.0,63800.0,-13430075.05766701
11900.0,63800.0,-12130075.05766701
13200.0,63800.0,-10830075.057666957
14500.0,63800.0,-9530075.057666987
15800.0,63800.0,-8230075.057667039
17100.0,63800.0,-6930075.057667062
18400.0,63800.0,-5630075.057667069
19700.0,63800.0,-4330075.057667054
21000.0,63800.0,-3030075.0576670542
22300.0,63800.0,-1730075.0576670542
23600.0,63800.0,-430075.05766705424
24900.0,63800.0,869924.9423329383
26200.0,63800.0,2169924.9423329383
27500.0,63800.0,3469924.9423329383
28800.0,63800.0,4769924.942332938
30100.0,63800.0,6069924.942332938
31400.0,63800.0,7369924.942332946
32700.0,63800.0,8669924.942332946
34000.0,63800.0,9969924.942332946
35300.0,63800.0,11269924.942332946
36600.0,63800.0,12569924.942332946
37900.0,63800.0,13869924.942332946
39200.0,63800.0,15169924.942332946
40500.0,63800.0,16469924.942332946
41800.0,63800.0,17769924.942332946
43100.0,63800.0,19069924.942332946
44400.0,63800.0,20369924.942332946
45700.0,63800.0,21669924.942333005
47000.0,63800.0,22969924.942332976
48300.0,63800.0,24269924.94233302
49600.0,63800.0,25569924.942333005
50900.0,63800.0,26869924.94233296
52200.0,63800.0,28169924.94233299
53500.0,63800.0,29469924.942332946
54800.0,63800.0,30769924.942332976
56100.0,63800.0,32069924.94233296
57400.0,63800.0,33369924.94233296
58700.0,63800.0,34669924.942332946
60000.0,63800.0,35969924.942332946
8000.0,65350.0,-17580075.05766701
9300.0,65350.0,-16280075.05766701
10600.0,65350.0,-14980075.05766701
11900.0,65350.0,-13680075.05766701
13200.0,65350.0,-12380075.057666957
14500.0,65350.0,-11080075.057666987
15800.0,65350.0,-9780075.05766704
17100.0,65350.0,-8480075.057667062
18400.0,65350.0,-7180075.057667069
19700.0,65350.0,-5880075.057667054
21000.0,65350.0,-4580075.057667054
22300.0,65350.0,-3280075.0576670542
23600.0,65350.0,-1980075.0576670542
24900.0,65350.0,-680075.0576670617
26200.0,65350.0,619924.9423329383
27500.0,65350.0,1919924.9423329383
28800.0,65350.0,3219924.9423329383
30100.0,65350.0,4519924.942332938
31400.0,65350.0,5819924.942332946
32700.0,65350.0,7119924.942332946
34000.0,65350.0,8419924.942332946
35300.0,65350.0,9719924.942332946
36600.0,65350.0,11019924.942332946
37900.0,65350.0,12319924.942332946
39200.0,65350.0,13619924.942332946
40500.0,65350.0,14919924.942332946
41800.0,65350.0,16219924.942332946
43100.0,65350.0,17519924.942332946
44400.0,65350.0,18819924.942332946
45700.0,65350.0,20119924.942333005
47000.0,65350.0,21419924.942332976
48300.0,65350.0,22719924.94233302
49600.0,65350.0,24019924.942333005
50900.0,65350.0,25319924.94233296
52200.0,65350.0,26619924.94233299
53500.0,65350.0,27919924.942332946
54800.0,65350.0,29219924.942332976
56100.0,65350.0,30519924.94233296
57400.0,65350.0,31819924.94233296
58700.0,65350.0,33119924.942332946
60000.0,65350.0,34419924.942332946
8000.0,66900.0,-19130075.05766701
9300.0,66900.0,-17830075.05766701
10600.0,66900.0,-16530075.05766701
11900.0,66900.0,-15230075.05766701
13200.0,66900.0,-13930075.057666957
14500.0,66900.0,-12630075.057666987
15800.0,66900.0,-11330075.05766704
17100.0,66900.0,-10030075.057667062
18400.0,66900.0,-8730075.05766707
19700.0,66900.0,-7430075.057667054
21000.0,66900.0,-6130075.057667054
22300.0,66900.0,-4830075.057667054
23600.0,66900.0,-3530075.0576670542
24900.0,66900.0,-2230075.0576670617
26200.0,66900.0,-930075.0576670617
27500.0,66900.0,369924.9423329383
28800.0,66900.0,1669924.9423329383
30100.0,66900.0,2969924.9423329383
31400.0,66900.0,4269924.942332946
32700.0,66900.0,5569924.942332946
34000.0,66900.0,6869924.942332946
35300.0,66900.0,8169924.942332946
36600.0,66900.0,9469924.942332946
37900.0,66900.0,10769924.942332946
39200.0,66900.0,12069924.942332946
40500.0,66900.0,13369924.942332946
41800.0,66900.0,14669924.942332946
43100.0,66900.0,15969924.942332946
44400.0,66900.0,17269924.942332946
45700.0,66900.0,18569924.942333005
47000.0,66900.0,19869924.942332976
48300.0,66900.0,21169924.94233302
49600.0,66900.0,22469924.942333005
50900.0,66900.0,23769924.94233296
52200.0,66900.0,25069924.94233299
53500.0,66900.0,26369924.942332946
54800.0,66900.0,27669924.942332976
56100.0,66900.0,28969924.94233296
57400.0,66900.0,30269924.94233296
58700.0,66900.0,31569924.942332946
60000.0,66900.0,32869924.942332946
8000.0,68450.0,-20680075.05766701
9300.0,68450.0,-19380075.05766701
10600.0,68450.0,-18080075.05766701
11900.0,68450.0,-16780075.05766701
13200.0,68450.0,-15480075.057666957
14500.0,68450.0,-14180075.057666987
15800.0,68450.0,-12880075.05766704
17100.0,68450.0,-11580075.057667062
18400.0,68450.0,-10280075.05766707
19700.0,68450.0,-8980075.057667054
21000.0,68450.0,-7680075.057667054
22300.0,68450.0,-6380075.057667054
23600.0,68450.0,-5080075.057667054
24900.0,68450.0,-3780075.0576670617
26200.0,68450.0,-2480075.0576670617
27500.0,68450.0,-1180075.0576670617
28800.0,68450.0,119924.94233293831
30100.0,68450.0,1419924.9423329383
31400.0,68450.0,2719924.9423329458
32700.0,68450.0,4019924.9423329458
34000.0,68450.0,5319924.942332946
35300.0,68450.0,6619924.942332946
36600.0,68450.0,7919924.942332946
37900.0,68450.0,9219924.942332946
39200.0,68450.0,10519924.942332946
40500.0,68450.0,11819924.942332946
41800.0,68450.0,13119924.942332946
43100.0,68450.0,14419924.942332946
44400.0,68450.0,15719924.942332946
45700.0,68450.0,17019924.942333005
47000.0,68450.0,18319924.942332976
48300.0,68450.0,19619924.94233302
49600.0,68450.0,20919924.942333005
50900.0,68450.0,22219924.94233296
52200.0,68450.0,23519924.94233299
53500.0,68450.0,24819924.942332946
54800.0,68450.0,26119924.942332976
56100.0,68450.0,27419924.94233296
57400.0,68450.0,28719924.94233296
58700.0,68450.0,30019924.942332946
60000.0,68450.0,31319924.942332946
8000.0,70000.0,-22230075.05766701
9300.0,70000.0,-20930075.05766701
10600.0,70000.0,-19630075.05766701
11900.0,70000.0,-18330075.05766701
13200.0,70000.0,-17030075.057666957
14500.0,70000.0,-15730075.057666987
15800.0,70000.0,-14430075.05766704
17100.0,70000.0,-13130075.057667062
18400.0,70000.0,-11830075.05766707
19700.0,70000.0,-10530075.057667054
21000.0,70000.0,-9230075.057667054
22300.0,70000.0,-7930075.057667054
23600.0,70000.0,-6630075.057667054
24900.0,70000.0,-5330075.057667062
26200.0,70000.0,-4030075.0576670617
27500.0,70000.0,-2730075.0576670617
28800.0,70000.0,-1430075.0576670617
30100.0,70000.0,-130075.05766706169
31400.0,70000.0,1169924.9423329458
32700.0,70000.0,2469924.9423329458
34000.0,70000.0,3769924.9423329458
35300.0,70000.0,5069924.942332946
36600.0,70000.0,6369924.942332946
37900.0,70000.0,7669924.942332946
39200.0,70000.0,8969924.942332946
40500.0,70000.0,10269924.942332946
41800.0,70000.0,11569924.942332946
43100.0,70000.0,12869924.942332946
44400.0,70000.0,14169924.942332946
45700.0,70000.0,15469924.942333005
47000.0,70000.0,16769924.942332976
48300.0,70000.0,18069924.94233302
49600.0,70000.0,19369924.942333005
50900.0,70000.0,20669924.94233296
52200.0,70000.0,21969924.94233299
53500.0,70000.0,23269924.942332946
54800.0,70000.0,24569924.942332976
56100.0,70000.0,25869924.94233296
57400.0,70000.0,27169924.94233296
58700.0,70000.0,28469924.942332946
60000.0,70000.0,29769924.942332946
